Diet,Phylum,Class,Order,Family,Abeomelomys spMW,Anisomys imitatorFR,Anisomys imitatorMW,Coccymys shawmayeri,Hydromys sp,Hyomys goliath,Leptomys ernstmayri,Lorentzimys highFR,Lorentzimys highMW,Lorentzimys lowFR,Lorentzimys lowMW,Lorentzimys midMW,Macruromys major,Mallomys cf_aroaensis,Mallomys hercules,Mallomys istapantap,Mallomys rothschildi,Melomys low,Melomys midFR,Microhydromys sp,Paramelomys platyopsBAI,Paramelomys platyopsFR,Paramelomys platyopsMW,Paramelomys platyopsWG,Paramelomys rubex_HighFR,Paramelomys rubex_HighMW,Paramelomys rubex_MidFR,Paramelomys rubex_MidMW,Pogonomys cf_sylvestris,Pogonomys loriae,Pogonomys spNorthEastFR,Pogonomys spNorthEastMW,Protochromys fellowsi,Pseudohydromys ellermani,Pseudohydromys fuscus,Rattus exulans,Rattus niobe,Rattus norvegicus,Rattus rattus,Rattus steini,Rattus verecundus,Uromys anak,Uromys cf_caudimaculatus,Uromys sp1
Animal,Annelida,Clitellata,Crassiclitellata,Megascolecidae,0,0,0,0,0,0,0.070275667,0.000833358,0,0.013810454,0,0,0,0,0,0,0,0.002562124,0,0,0,0,0,0.060460844,0.001167149,0.005149305,0.000226653,0,0.001785844,0,0.003305317,0,0,0.010494076,0,0.000887583,0.068369649,0,0,0.201544467,0.068602811,0,0.000119244,0.000537434
Animal,Arthropoda,Arachnida,Araneae,Araneidae,0,0,0,0,0,0,0,0,0,0,0,0,0,0,0,0,0,0,0,0,0,0,0,0,0.001113168,0,0,0,0,0,0,0,0,0,0,0,0,0,0,0,0,0,0,0
Animal,Arthropoda,Arachnida,Araneae,Cheiracanthiidae,0,0,0,0,0,0,0,0,0,0,0,0,0,0,0,0,0,0,0,0,0,0,0,0,0.000716338,9.86E-05,0,0,0,0,0,0,0,0.005353878,0,0,0.000215143,0,0,0,0,0,0,0
Animal,Arthropoda,Arachnida,Araneae,Clubionidae,0,0,0,0,0,0,0,0,0,0,0,0,0,0,0,0,0,0,0,0,0,0,0,0,0.003088568,6.27E-05,0,0,0,0,0,0,0,0.263491536,0,0,0.001045651,0,0,0,0,0,0,0
Animal,Arthropoda,Arachnida,Araneae,Ctenizidae,0,0,0,0,0,0,0,0.000122553,0,0,0,0,0,0,0,0,0,0,0,0.077790175,0,0,0,0,0,0,0,0,0,0,0,0,0,0,0,0,0,0,0,0,0.000127559,0,0,0
Animal,Arthropoda,Arachnida,Araneae,Oxyopidae,0,0,0,0.000379944,0.00476734,0,0,0,0,0,0,0,0,0,0,0,0,0,0,0,0,0,0,0,0,0,0.000472338,0,0,0,0,0,0,0,0,0,0.004793266,0,0,0,0,0,0,0
Animal,Arthropoda,Arachnida,Araneae,Salticidae,0,0,0,0,0,0,0,0,0,0,0,0,0,0,0,0,0,0,0,0,0,0,0,0,0,0,0,0.000187631,0,0,0,0,0,0,0,0,0,0,0,0,0,0,0,0
Animal,Arthropoda,Arachnida,Araneae,Segestriidae,0,0,0,0,0,0,0,0,0,0,0,0,0,0,0,0,0,0,0,0,0,0,0,0,8.02E-05,0,0,0,0,0,0,0,0,0,0.012062257,0,2.04E-05,0,0,0,0,0,0,0
Animal,Arthropoda,Arachnida,Araneae,Stiphidiidae,0,0,0,0,0,0,0,0,0,0,0,0,0,0,0,0,0,0,0,0,0,0,0,0,0,0,0.000384099,0,0,0,0,0,0,0.003110235,0,0,1.23E-05,0,0,0,0,0,0,0
Animal,Arthropoda,Arachnida,Araneae,Theridiidae,0,0,0,0,0,0,0,0.000117651,0,0,0,0,0,0,0,0,0,0,0,0,0,0,0,0,0,0,0,0,0,0,0,0,0,0,0,0,0,0,0,0,0,0,0,0
Animal,Arthropoda,Arachnida,Araneae,Trachycosmidae,0,0,0,0,0,0,0,0,0,0,0,0,0,0,0,0,0,0,0,0,0,0,0,0,1.31E-05,0,0,0,0,0,0,0,0,0,0,0,0,0,0,0,0,0,0,0
Animal,Arthropoda,Arachnida,Opiliones,Sclerosomatidae,0,0,0,0,0,0,0,0,0,0,0,0,0,0,0,0,0,0,0,0,0,9.70E-05,0,0,0.010731934,0,0.003683544,7.57E-05,0,0,0.000330532,0,0,0,0,0,0.000740583,0,0,0,0,0,0,0
Animal,Arthropoda,Arachnida,Opiliones,Zalmoxidae,0,0,0,0,0,0,0,0,0,0.005168469,0,0,0,0,0,0,0,0,0,0,0,0,0,0,0,0,0,0,0,0,0,0,0,0,0,4.11E-05,0.000319185,0,0,0,0.000358545,0,0,0
Animal,Arthropoda,Arachnida,Scorpiones,Diplocentridae,0,0,0,0,0,0,0,0,0,0,0,0,0,0,0,0,0,0,0,0.229594026,0,0,0,0,0,0,0,0,0,0,0,0,0,0,0,0,0,0,0,0,0,0,0,0
Animal,Arthropoda,Chilopoda,Geophilomorpha,Mecistocephalidae,0,0,0,0,0,0,0,3.92E-05,0,0.000600455,0,0.001319015,0,0,0,0,0,0,0,0.007352731,0,8.17E-05,0,0,0.006900768,0,0.000159176,0,0,0,0,0,0,0.138690377,0,0,0.000363887,0,0,0,0.000386126,0,0,0
Animal,Arthropoda,Chilopoda,Lithobiomorpha,Lithobiidae,0,0,0,0,0,0,0.000887459,0,0,0,0,0.000758174,0,0,0,0,0,0,0,0,0,0,0,0,0.000103584,0.000125326,0,0,0,0,0,0,0,0,0,0,7.89E-05,0,0,0,0.000668825,0,0,0
Animal,Arthropoda,Chilopoda,Scolopendromorpha,Cryptopidae,0,0,0,0,0,0,0,0,0,0,0,0,0,0,0,0,0,0,0,0,0,0,0,0,0,0,3.98E-05,0,0,0,0,0,0,0,0,0,0.000178022,0,0,0,0,0,0,0
Animal,Arthropoda,Chilopoda,Scolopendromorpha,Scolopendridae,0,0,0,0,0,0,0,0,0,0,0,0,0,0,0,0,0,0,0,0,0,0,0,0,0,0,5.88E-05,0,0,0,0,0,0,0,0.144747082,0.000138685,0,0,0,0,0.000634349,0,0.000399466,0
Animal,Arthropoda,Chilopoda,Scutigeromorpha,Scutigeridae,0,0,0,0,0,0,0,0,0,0,0,0,0,0,0,0,0,0,0,0.152347438,0,0,0,0,0,0,0,0,0,0,0,0,0,0,0,0,0,0,0,0,0.0033786,0,0,0
Animal,Arthropoda,Collembola,Entomobryomorpha,Entomobryidae,0,0,0,0,0,0,0,0,0,0,0,0,0,0,0,0,0,0,0,0,0,0,0,0,8.75E-05,0,0,0,0,0,0,9.63E-05,0,0,0,3.92E-05,2.04E-05,0,0,0,0,0,7.75E-05,0.005705073
Animal,Arthropoda,Collembola,Poduromorpha,Hypogastruridae,0,0,0,0,0,0,0,0,0,0.00209779,0,0,0,0,0,0,0,0,0,0,0,0,0,0,0,0,0,0,0,0,0,0,0,0,0,0,4.18E-05,0,0,0,0,0,0,0
Animal,Arthropoda,Collembola,Poduromorpha,Neanuridae,0,0,0,0,0,0,0,0,0,0,0,0,0,0,0,0,0,0,0,0,0,0,0,0,0,0,0,0,0,0,0,0,0,0,0,0,7.58E-06,0,0,0,0,0,0,0
Animal,Arthropoda,Diplopoda,Polydesmida,Paradoxosomatidae,0,0,0,0,0,0,0.00277331,0,0,0,0,0,0,0,0,0,0.000115193,0,0,0,0,0,0,0,0,2.13E-05,0,0,0,0,0,0,0,0.012037323,0,0,0.025732694,0,0,0.000911611,0.004450788,0,0,0
Animal,Arthropoda,Diplopoda,Spirobolida,Rhinocricidae,0,0,0,0,0.007117438,0,0,0,0,0,0,0,0,0,0,0,0,0,0,0,0,0,0,0,0,0,0,0,0,0,0,0,0,0,0,0,0,0,0,0,0,0,0,0
Animal,Arthropoda,Insecta,Blattodea,Blaberidae,0,0,0,0,0,0,0,0.000196084,0,0,0,0,0,0,0,0,0,0,0,0.396131949,0,0,0,0,0,0,0.00354513,0.001370181,0,0,0,0,0,0.005353878,0,0,0,0,0,0,0,0,0,0
Animal,Arthropoda,Insecta,Blattodea,Blattellidae,0,0,0,0,0,0,0,0,0,0,0,0.000789332,0,0,0,0,0,0,0,0,0,0,0,0,5.69E-05,0,0,0,0,0,0,0,0,0,0,0.001073134,3.92E-06,0,0,0,0,0,0,0
Animal,Arthropoda,Insecta,Blattodea,Blattidae,0,0,0,0,0,0,0,0,0,0,0,0,0,0,0,0,0,0,0,0.03756473,0,0,0,0,0,0,0.002121195,0,0,0,0,0,0,0.006624089,0,0,0,0,0,0,0,0,0,0
Animal,Arthropoda,Insecta,Coleoptera,Brentidae,0,0,0,0,0,0,0,0,0,0,0,0,0,0,0,0,0,0,0,0,0,0,0,0,0,0,0,4.41E-05,0,0,0,0,0,0,0,0,0,0,0,0,0,0,0,0
Animal,Arthropoda,Insecta,Coleoptera,Cantharidae,0,0,0,0,0,0,0,0,0,0,0,0,0,0,0,0,0,0,0,0,0,0,0,0,0.000627343,0,0,0,0,0,0,0,0,0,0,0,0,0,0,0,0,0,0,0
Animal,Arthropoda,Insecta,Coleoptera,Carabidae,0,0,0,0,0,0,0,0,0,0,0,0,0,0,0,0,0,0,0.000111615,0,0,0,0,0,8.75E-05,0,0,0,0,0,0,0,0,0,0,0,0,0,0,0,0,0,0,0
Animal,Arthropoda,Insecta,Coleoptera,Cerambycidae,0,0,0,0,0,0,0,0,0,0,0,0,0,0,0,0,0,0.001417622,0,0,0,0,0,0,0,0,0,0,0,0,0,0,0,0,0,0,0,0,0,0,0,0,0,0
Animal,Arthropoda,Insecta,Coleoptera,Chrysomelidae,0,0,0,0,0,0,0,0,0,0,0,0,0,0,0,0,0,0,0,0,0,0,0,0,0.000408502,0.000197114,0,9.46E-06,0,0,0,0,0,0,0,0,3.66E-06,0,0,0,0,0,0,0
Animal,Arthropoda,Insecta,Coleoptera,Corylophidae,0,0,0,0,0,0,0,0,0,0,0,0,0,0,0,0,0,0,0,0,0,0,0,0,0,0,0,0,0,0,0,0,0,0,0,0,5.99E-05,0,0,0,0,0,0,0
Animal,Arthropoda,Insecta,Coleoptera,Curculionidae,0,0,0,0,0,0,0,0,0.003805167,0,0,0.000633542,0,0,0,0,0,0,0.001026854,0,0,0.000102079,0,0,0.000971651,0.000414305,0.000648816,0.001696564,0,0,0,0,0,0,0.078823252,4.50E-05,1.93E-05,0,0,2.57E-05,7.24E-05,0,0,0
Animal,Arthropoda,Insecta,Coleoptera,Elateridae,0,0,0,0,0,0,0,0,0,0,0,0,0,0,0,0,0,0,0,0,0,0,0,0,7.88E-05,0,0,0,0,0,0,0,0,0.000878463,0,0,0,0,0,0,0,0,0,0
Animal,Arthropoda,Insecta,Coleoptera,Endomychidae,0,0,0,0,0,0,0,0,0.007309044,0,0,0,0,0,0,0,0,0,0,0,0,0,0,0,0,0,0,0,0,0,0,0,0,0,0,0,0,0,0,0,0,0,0,0
Animal,Arthropoda,Insecta,Coleoptera,Erotylidae,0,0,0,0,0,0,0,0,0,0,0,0,0,0,0,0,0,0,0,0,0,0,0,0,0,6.14E-05,0,0,0,0,0,0,0,0,0,0,0,0,0,0,0,0,0,0
Animal,Arthropoda,Insecta,Coleoptera,Lophocateridae,0,0,0,0,0,0,0,0,0,0,0,0,0,0,0,0,0,0,0,0,0,0,0,0,1.75E-05,0,0,0,0,0,0,0,0,0,0,0,0,0,0,0,0,0,0,0
Animal,Arthropoda,Insecta,Coleoptera,Nitidulidae,0,0,0,0,0,0,0,0,0,0,0,0,0,0,0,0,0,0,4.46E-05,0,0,0,0,0,0,0,0,0,0,0,0,0,0,0,0,0,0,0,0,0,0,0,0,0
Animal,Arthropoda,Insecta,Coleoptera,Passalidae,0,0,0,0,0,0,0,0,0,0,0,0,0,0,0,0,0,0,0,0,0,0,0,0,0.000407043,0,5.36E-05,0,0,0,0,0,0,0,0,0,0,0,0,0,0,0,0,0
Animal,Arthropoda,Insecta,Coleoptera,Ptiliidae,0,0,0,0,0,0,0,0.000397071,0,0,0,0,0,0,0,0,0,0,0,0,0,0,0,0,0,0,0,0,0,0,0,0,0,0,0,0,0,0,0,0,0,0,0,0
Animal,Arthropoda,Insecta,Coleoptera,Scarabaeidae,0,0,0,0,0,0,0.001442121,0,0,0,0,0,0,0,0,0,0,0,0,0,0,0,0,0,0.000409961,0.000165479,5.02E-05,0.001199893,0,0,0,0,0,0.001673829,0,0,0,0,0,0.000194151,0.00019651,0,0,0
Animal,Arthropoda,Insecta,Coleoptera,Staphylinidae,0,0,0,0,0,0,0,0,0,0,0,0,0,0,0,0,0,0,0,0,0,0,0,0,3.36E-05,0,0,0,0,0,0,0,0,0,0,5.74E-05,0.001827276,0,0,0,5.52E-05,0,0,0
Animal,Arthropoda,Insecta,Coleoptera,Tenebrionidae,0,0,0,0,0,0,0,0,0,0,0,0,0,0,0,0,0,0,0,0,0,0,0,0,0.000907458,0,0,0.000326384,0,0,0,0,0,0,0,0,5.23E-06,0,0,0,0.00306832,0,0,0
Animal,Arthropoda,Insecta,Dermaptera,Forficulidae,0,0,0,0,0,0,0,0,0,0,0,0,0,0,0,0,0,0,0,0,0,8.68E-05,0,0,1.02E-05,4.93E-05,0,0,0,0,0,0,0,0,0.039264238,0,0.000156063,0,0,1.03E-05,0.000396468,0,0,0
Animal,Arthropoda,Insecta,Dermaptera,Spongiphoridae,0,0,0,0,0,0,0,0,0,0,0,0.000114245,0,0,0,0,0,0,0,0,0,0,0,0,0.00016486,0,0,0,0,0,0,0,0,0,0,0,0,0,0,0,0.00015514,0,0,0
Animal,Arthropoda,Insecta,Diptera,Calliphoridae,0,0,0,0,0,0,0,0,0,0,0,0,0,0,0,0,0,0,0,0,0,0,0,0,0.000955603,0,0,0,0,0,0,0,0,0,0,0,5.23E-06,0,0,0,0,0,0,0
Animal,Arthropoda,Insecta,Diptera,Cecidomyiidae,0,0,0,0,0,0,0,0,0,0,0,0,0,0,0,0.000109485,0,0,0,0,0,0,0,0,0,0,0,1.89E-05,0,0,0,0.010049552,0,0,0,0,0.000557332,0,0,0,0,0,0,0
Animal,Arthropoda,Insecta,Diptera,Chironomidae,0,0,0,0,0,0,0,0.000107846,0,0,0,0,0,0,0,0,0,0,0,0,0,0,0,0,0,0,0,0,0,0,0,0,0,0,0,0,0,0,0,0,0,0,0,0
Animal,Arthropoda,Insecta,Diptera,Drosophilidae,0,0,0,0,0,0,0,0,0,0,0,0,0,0,0,0,0,0,0.000390651,0,0,0,0,0,0,8.40E-05,0,0,0,0,0,0,0,0,0,0,0,0,0.001004438,0,0,0,0.121544919,0
Animal,Arthropoda,Insecta,Diptera,Limoniidae,0,0,0,0,0,0,0,0,0,0,0,0,0,0,0,0,0,0,0,0,0,0,0,0,0.000477072,0,0,0,0,0,0,0,0,0,0,0,0.000123648,0,0,0,0,0,0,0
Animal,Arthropoda,Insecta,Diptera,Mycetophilidae,0,0,0,0,0,0,0,0,0,0,0,0,0,0,0,0,0,0,0,0,0,0,0,0,0,0,0,0,0,0,0,0,0,0,0,0,0.001470186,0,0,0,0,0,0,0
Animal,Arthropoda,Insecta,Diptera,Phoridae,0,0,0,0,0,0,0,0,0,0,0,0,0,0,0,0,0,0,0,0,0,0,0,0,0,2.01E-05,0,0,0,0,0,0,0,0,0,0,0,0,0,0,0,0,0,0
Animal,Arthropoda,Insecta,Diptera,Psychodidae,0,0,0,0,0,0,0,0.000151965,0,0,0,0,0,0,0,0,0,0,0,0,0,0,0,0,0,0.002311225,0,0.00679414,0,0,0,0,0,0,0,0,0.000106134,0,0,0,0,0,0,0
Animal,Arthropoda,Insecta,Diptera,Sciaridae,0,0,0,0,0,0,0,7.84E-05,0,0,0,0,0,0,0,0,0,0,0,0,0,0,0,0,1.60E-05,1.58E-05,0,0,0,0,0,0,0,0,0,0.005507223,1.57E-05,0,0,0,0,0,0,0
Animal,Arthropoda,Insecta,Diptera,Stratiomyidae,0,0,0,0,0,0,0,0,0,0,0,0,0,0,0,0,0,0,0,0,0,0,0,0,1.02E-05,0,0,0,0,0,0,0,0,0,0,0,0,0,0,0,0,0,0,0
Animal,Arthropoda,Insecta,Diptera,Tachinidae,0,0,0,0,0,0,0,0,0,0,0,0,0,0,0,0,0,0,0,0,0,0,0,0,3.06E-05,0,0,0,0,0,0,0,0,0.000296778,0,0,3.14E-06,0,0,0,0,0,0,0
Animal,Arthropoda,Insecta,Diptera,Tephritidae,0,0,0,0,0,0,0,0.000156867,0,0,0,0,0,0,0,0,0,0,0,0,0,0,0,0,0,0,0,0,0,0,0,0,0,0,0,0,0,0,0,0,0,0,0,0
Animal,Arthropoda,Insecta,Diptera,Tipulidae,0,0,0,0,0,0,0,0.000225497,0,0,0,0.00099705,0,0,0,0,0,0,0,0,0,0,0,0,3.65E-05,2.49E-05,0,0,0,0,0,0,0,0,0,0,0.042897061,0,0,0,0.000417154,0,0,0
Animal,Arthropoda,Insecta,Hemiptera,Achilidae,0,0,0,0,0,0,0,0,0,0,0,0,0,0,0,0,0,0,0,0,0,0,0,0,0.000590869,0,0,0,0,0,0,0,0,0,0,0,0,0,0,0,0,0,0,0
Animal,Arthropoda,Insecta,Hemiptera,Anthocoridae,0,0,0,0,0,0,0,0.000225497,0,0,0,0,0,0,0,0,0,0,0,0,0,0,0,0,0,0,0,0,0,0,0,0,0,0,0,0,0,0,0,0,0,0,0,0
Animal,Arthropoda,Insecta,Hemiptera,Aphrophoridae,0,0,0,0,0,0,0,0,0,0,0,0,0,0,0,0,0,0,0,0,0,0,0,0,0,0,0,0,0,0,0.000362011,0,0,0,0,0,0,0,0,0,0,0,0,0
Animal,Arthropoda,Insecta,Hemiptera,Aradidae,0,0,0,0,0,0,0,0,0,0,0,0,0,0,0,0,0,0,0,0,0,0,0,0,0,0,0,0,0,0,0,0,0,0,0,0,5.23E-06,0,0,0,0,0,0,0
Animal,Arthropoda,Insecta,Hemiptera,Cicadellidae,0,0,0,0,0,0,0,0,0,0,0,0,0,0,0,0,0,0,0,0,0,0,0,0,0.000194038,0.000170346,0,0,0,0,0,0,0,0,0,0,0,0,0,0,0,0,0,0
Animal,Arthropoda,Insecta,Hemiptera,Cicadidae,0,0,0,0,0,0,0.00044373,0,0,0,0,0,0,0,0,0.000595026,0,0,0,0,0,3.57E-05,0.001424411,0,0.009202969,1.34E-05,0.001605603,0.002972141,0,0,0,0,0,0.000914077,0,0,0.0008807,0,0,5.91E-05,0,0,0,0
Animal,Arthropoda,Insecta,Hemiptera,Cimicidae,0,0,0,0,0,0,0,0,0,0,0,0,0,0,0,0,0,0,0,0,0,0,0,0,0,0,0,0,0,0,0,0,0,0,0,0,0,0,0.00035331,0,0,0,0,0
Animal,Arthropoda,Insecta,Hemiptera,Cixiidae,0,0,0,0,0,0,0,0,0,0,0,0,0,0,0,0,0,0,0,0,0,0,0,0,0,0,0,0,0,0,0,0,0,0,0,0,9.41E-06,0,0,0,0,0,0,0
Animal,Arthropoda,Insecta,Hemiptera,Coreidae,0,0,0,0,0,0,0,0,0,0,0,0,0,0,0,0,0,0,0,0,0,0,0,0,0,0,1.73E-05,0,0,0,0,0,0,0,0,0,0.000144038,0,0,1.93E-05,8.62E-05,0,0,0
Animal,Arthropoda,Insecta,Hemiptera,Delphacidae,0,0,0,0,0,0,0,0,0,0,0,0,0,0,0,0,0,0,0,0,0,0,0,0,0,0,0,0,0,0,0,0,0,0,0,0,1.49E-05,0,0,0,0,0,0,0
Animal,Arthropoda,Insecta,Hemiptera,Gerridae,0,0,0,0,0.00631169,0,0,0,0,0,0,0,0,0,0,0,0,0,0,0,0,0,0,0,0,0,0,0,0,0,0,0,0,0,0,0,0,0,0,0,0,0,0,0
Animal,Arthropoda,Insecta,Hemiptera,Largidae,0,0,0,0,0,0,0,0,0,0,0,0,0,0,0,0,0,0,0,0,0,0,0,0,0,0,0,0,0,0,0,0,0,0,0,0,0.000170441,0,0,0,0,0,0,0
Animal,Arthropoda,Insecta,Hemiptera,Pentatomidae,0,0,0,0,0,0,0,0,0,0,0,0,0,0,0,0,0,0,0,0,0,0,0,0,0,0,0,0,0,0,0,0,0,0,0,0,1.10E-05,0,0,0,0.000148245,0,0,0
Animal,Arthropoda,Insecta,Hemiptera,Pyrrhocoridae,0,0,0,0,0,0,0,0,0,0,0,0,0,0,0,0,0,0,0,0,0,0,0,0,0,0,8.65E-05,0,0,0,0,0,0,0,0,0,0,0,0,0,0,0,0,0
Animal,Arthropoda,Insecta,Hemiptera,Reduviidae,0,0,0,0,0,0,0,0,0,0,0,0,0,0,0,0,0,0,0,0,0,0,0,0,0,0,0,0,0,0,0,0,0,0,0,0,2.20E-05,0,0,0,0,0,0,0
Animal,Arthropoda,Insecta,Hemiptera,Triozidae,0,0,0,0.007583511,0,0,0,0,0,0,0,0,0,0,0,0,0,0,0,0,0,0,0,0,0,0,0,0,0,0,0,0,0,0,0,0,0,0,0,0,0,0,0,0
Animal,Arthropoda,Insecta,Hymenoptera,Agaonidae,0,0,0,0,0,0,0,0,0,0,0,0,0,0,0,0,0,0,0,0,0,0,0,0,0,7.54E-05,0.000252606,0.000957077,0,0,0,0,0,0,0,0,0,0,0,0,0,0,0.001579977,0
Animal,Arthropoda,Insecta,Hymenoptera,Braconidae,0,0,0,0,0,0,0,0,0,0,0,0,0,0,0,0,0,0,0,0,0,0,0,0,8.75E-06,5.54E-05,0,0.000367379,0,0,0,0,0,0,0,0,0,0,0,0,9.65E-05,0,0,0
Animal,Arthropoda,Insecta,Hymenoptera,Formicidae,0,0,0,0,0,0,0,0,0,0,0,0,0,0,0,0,0,0,0,0,0,0,0,0,0,0,0,0.000775752,0,0,0,0,0,0,0,0,0,0,0,8.61E-05,0,0,0,0
Animal,Arthropoda,Insecta,Hymenoptera,Ichneumonidae,0,0,0,0,0,0,0,0,0,0,0,0,0,0,0,0,0,0,0,0,0,0,0,0,0,0,0,0,0,0,0,0,0,0,0,0,9.41E-06,0,0,0,0,0,0,0
Animal,Arthropoda,Insecta,Hymenoptera,Perilampidae,0,0,0,0,0,0,0,0,0,0,0,0,0,0,0,0,0,0,0,0,0,0,0,0,0,0,0,0,0,0,0,0,0,0,0,0,2.56E-05,0,0,0,0,0,0,0
Animal,Arthropoda,Insecta,Hymenoptera,Pteromalidae,0,0,0,0,0,0,0,0,0,0,0,0,0,0,0,0,0,0,0,0,0,0,0,0,0,0,0,0,0,0,0.000141656,0,0,0,0,0,0,0,0,0,0,0,0,0
Animal,Arthropoda,Insecta,Hymenoptera,Rotoitidae,0,0,0,0,0,0,0,0,0,0,0,0,0,0,0,0,0,0,0,0,0,0,0,0,0,0,0,0.000362648,0,0,0,0,0,0,0,7.08E-05,0,0,0,0,0,0,0,0
Animal,Arthropoda,Insecta,Hymenoptera,Signiphoridae,0,0,0,0,0,0,0,0,0,0,0,0,0,0,0,0,0,0,0,0,0,0,0,0,0,0,0,0.000616502,0,0,0,0,0,0,0,0,0,0,0,0,0,0,0,0
Animal,Arthropoda,Insecta,Hymenoptera,Vespidae,0,0,0,0,0,0,0,0,0,0,0,0,0,0,0,0,0,0,0,0,0,0,0,0,0,0,0,0,0,0,0,6.42E-05,0,0,0,0,0,0,0,0,0,0,0,0
Animal,Arthropoda,Insecta,Lepidoptera,Crambidae,0,0,0,0,0,0,0,0,0,0,0,0,0,0,0,0,0,0,0.000100453,0,0,0.000714552,0,0,0.004864093,0.000116808,0.003718147,0.020715111,0,0,0.000562691,0,0,0,0.02752034,0.000929667,0.000294612,0,0,0,7.93E-05,0,0,0
Animal,Arthropoda,Insecta,Lepidoptera,Hepialidae,0,0,0,0,0,0,0,0,0,0,0,0,0,0,0,0,0,0,0,0,0,0,0,0,0,2.01E-05,0.000110731,0,0,0,0,0,0,0.022460172,0.046586487,0,7.84E-06,0,0,0,0,0,0,0
Animal,Arthropoda,Insecta,Lepidoptera,Noctuidae,0,0,0,0,0,0,0,0,0,0,0,0,0,0,0,0,0,0,0,0,0,0,0,0,0.000920589,0,0,0,0,0,0,0,0,0,0,0.000103296,0,0,0,0,0,0,0,0
Animal,Arthropoda,Insecta,Lepidoptera,Nymphalidae,0,0,0,0,0,0,0,0.000151965,0,0,0,0,0,0,0,0,0,0,0,0,0,0.000250093,0,0,0.00037057,0,0,0.000100911,0,0,0,0,0,0,0,0,0,0,0,0,0,0,0,0
Animal,Arthropoda,Insecta,Lepidoptera,Pieridae,0,0,0,0,0,0,0,0.000156867,0,0,0,0,0,0,0,0,0,0,0,0,0,0,0,0,0,0,0,0,0,0,0,0,0,0,0,0,0,0,0,0,0,0,0,0
Animal,Arthropoda,Insecta,Lepidoptera,Tortricidae,0,0,0,0,0,0,0,0,0,0,0,0,0,0,0,0,0,0,0,0,0,0,0,0,0.002958722,0.000874238,0.000269907,0,0,0,0,0,0,0,0,0,3.92E-05,0,0,0,0,0,0,0
Animal,Arthropoda,Insecta,Lepidoptera,Zygaenidae,0,0,0,0,0,0,0,0,0,0,0,0,0,0,0,0,0,0,0,0,0,0,0,0,0,6.81E-05,0,0,0,0,0,0,0,0,0,0,0,0,0,0,0,0,0,0
Animal,Arthropoda,Insecta,Orthoptera,Acrididae,0,0,0,0,0,0,0,0,0,0,0,0,0,0,0,0,0,0.000225432,0,0,0,0,0,0,0,0,0,0,0,0,0,0,0,0,0,0,0,0,0,3.34E-05,0,0,0,0
Animal,Arthropoda,Insecta,Orthoptera,Gryllidae,0,0,0,0,0,0,0,0,0,0,0,0,0,0,0,0,0,0,0,0,0,0,0,0,0,0,5.88E-05,0,0,0,0,0,0,0,0,0,0,0,0,0,0,0,0,0
Animal,Arthropoda,Insecta,Orthoptera,Phalangopsidae,0,0,0,0,0,0,0,0.001446121,0,0,0,0.002658801,0,0,0,0,0,0,0,0,0,0,0,0,0.005885348,0,0.00305203,0,0,0,0,0,0,0,0,0,0,0,0,0,0,0,0,0
Animal,Arthropoda,Insecta,Orthoptera,Rhaphidophoridae,0,0,0,0.000432653,0,0,0.02462699,0,0,0,0,0,0,0,0,0,0,0.021385715,0.032970958,0,0,0.010631511,0,0,0.014964307,0.001689464,0.012289438,0.000381569,0,0,0,0,0,0,0.023122273,0.000434227,0.001604552,0,0,0.000104147,0.009136009,0,7.75E-05,0.001281574
Animal,Arthropoda,Insecta,Orthoptera,Tetrigidae,0,0,0,0,0.006513127,0,0,0.000220595,0,0,0,0,0,0,0,0,0,0,0,0,0,0,0,0,0.006216527,6.21E-05,0.000603831,0,0,0,0,0,0,0,0,0.000446661,0.003180871,0,0,1.54E-05,0.000382678,0,0,0.002149737
Animal,Arthropoda,Insecta,Orthoptera,Tettigoniidae,0,0,0,0,0.001275767,0,0.001109324,0,0,0.001140104,0,0,0,0,0,0,0,0,0,0,0,0,0,0,0,8.52E-05,0.010962393,0.005729846,0,0,0,0,0,0,0,0.000466746,3.48E-05,0,0,0,0.012118141,0,0.00041139,0
Animal,Arthropoda,Insecta,Orthoptera,Trigonidiidae,0,0,0,0,0,0,0,0,0,0,0,0,0,0,0,0,0,0,0,0,0,0,0,0,0,0,0.000224923,0,0,0,0,0,0,0.002326741,0,0,0.000106656,0,0,0,0.00339239,0,0,0
Animal,Arthropoda,Insecta,Phasmatodea,Lonchodidae,0,0,0,0,0,0,0,0,0,0,0,0,0,0,0,0,0,0,0,0,0,0,0,0,0.003586065,0.000104033,0,0.042213859,0,0,0,0,0,0,0.023122273,2.77E-05,0.000306899,0,0,0,0.000637797,0,0,0
Animal,Arthropoda,Insecta,Phasmatodea,Phasmatidae,0,0,0,0,0,0,0,0,0,0,0,0,0,0,0,0,0,0,0,0,0,0,0,0,0,0.000391187,0,0,0,0,0,0,0,0,0,0,0.001635137,0,0,0,0.000679167,0,0,0
Animal,Arthropoda,Insecta,Phasmatodea,Phylliidae,0,0,0,0,0,0,0,0,0,0,0,0,0,0,0,0,0,0,0,0,0,0,0,0,0,0.009888564,0,0.036789899,0,0,0,0,0,8.31E-05,0,0,1.70E-05,0,0,0,0.009859995,0,0,0
Animal,Arthropoda,Insecta,Phasmatodea,Pseudophasmatidae,0,0,0,0,0,0,0,0,0,0,0,0,0,0,0,0,0,0,0,0,0,0,0,0,0,1.28E-05,0,0,0,0,0,0,0,0,0,0,0,0,0,0,0,0,0,0
Animal,Arthropoda,Insecta,Phthiraptera,Polyplacidae,0,0,0,0,0,0,0.064673581,0,0,0,0,0,0,0,0,0,0,0,0,0,0,0,0,0,0,0,0,0,0,0,0,0.0013378,0,0,0,0,0.009152586,0,0,0,0,0,0,0
Animal,Arthropoda,Insecta,Psocoptera,Lepidopsocidae,0,0,0,0,0,0,0,0,0,0,0,0,0,0,0,0,0,0,0,0,0,0,0,0,0,0,0,0,0,0,0,0,0,0,0,0,0,0,0,0,0.000344755,0,0,0
Animal,Arthropoda,Insecta,Psocoptera,Psyllipsocidae,0,0,0,0,0,0,0,0,0,0,0,0,0,0,0,0,0,0,0,0,0,0,0,0,0,0,0,0,0,0,0,0,0,0,0,0,0,0,0,0.006383849,0,0,0,0
Animal,Arthropoda,Insecta,Siphonaptera,Leptopsyllidae,0,0,0,0,0,0,0,0,0,0,0,0,0,0,0,0,0,0,0,0,0,0,0,0,3.94E-05,0,0,0,0,0,0,0,0,0,0,0,0,0,0,0,0,0,0,0
Animal,Arthropoda,Insecta,Trichoptera,Leptoceridae,0,0,0,0,0,0,0,0,0,0,0,0,0,0,0,0,0,0,0,0,0,0,0,0,0,0,0,0,0,0,0,0,0,0,0,0,3.82E-05,0,0,0,0,0,0,0
Animal,Arthropoda,Insecta,Zygentoma,Lepismatidae,0,0,0,0,0,0,0,0,0,0,0,0,0,0,0,0.000347495,0,0,0,0,0,0,0,0,0,0,0,0,0,0,0,0,0,0,0,0,0,0,0,0,0,0,0,0
Animal,Arthropoda,Malacostraca,Decapoda,Atyidae,0,0,0,0,0.153562076,0,0,0,0,0,0,0,0,0.000318066,0,0,0,0,0,0,0,0,0,0,0,0,0,0,0,0,0,0,0,0,0,0,0,0,0,0,0,0,0,0
Animal,Arthropoda,Malacostraca,Decapoda,Palaemonidae,0,0,0,0,0.012959108,0,0,0,0,0,0,0,0,0,0,0,0,0,0,0,0,0,0,0,0,0,0,0,0,0,0,0,0,0,0,0,0,0,0,0,0,0,0,0
Animal,Arthropoda,Symphyla,,Scutigerellidae,0,0,0,0,0,0,0,0,0,0,0,0,0,0,0,0,0,0,0,0,0,0,0,0,1.90E-05,0,0,0,0,0,0,0,0,0,0,0,0,0,0,0,0,0,0,0
Animal,Chordata,Amphibia,Anura,Hylidae,0,0,0,0,0.002551534,0,0.028232292,0,0,0.000668861,0,0,0,0,0,0,0,0.001478315,0,0,0,0,0,0,0,0,0.00207102,0.000263314,0,0,0.003690937,0,0,0.074182673,0.188197147,0,8.37E-06,0,0,0,0.000634349,0,0,0
Animal,Chordata,Lepidosauria,Squamata,Scincidae,0,0,0,0,0,0,0,0,0,0,0,0,0,0,0,0,0,0,0,0,0,0,0,0,0,0,0.004204327,0,0,0,0,0,0,0,0,0,0,0,0,0,0,0,0,0
Animal,Mollusca,Gastropoda,Cycloneritida,Helicinidae,0,0,0,0,0,0,0,0,0,0,0,0,0,0,0,0,0,0,0,0,0,0,0,0,0,0,0,0,0,0,0,0,0,0,0,0,0.000132275,0,0,0,0,0,0,0
Animal,Mollusca,Gastropoda,Systellommatophora,Onchidiidae,0.000296839,0,0,0,0,0,0,0,0,0,0,0,0,0,0,0,0,0.031339414,0,0,0,0,0.000254847,0,0.004219243,5.41E-05,0.001603873,0,0,0,0,0,0,0,0,0,0.00244604,0,0,0.001338487,0.002971789,0,0,0
Animal,Mollusca,Gastropoda,,Pyramidellidae,0,0,0,0,0,0,0,0,0,0,0,0,0,0,0,0,0,0,0,0,0,0,0,0,0,0,0,0,0,0,0,0,0,0,0,0,0,0,0,0,0.000113769,0,0,0
Fungi,Ascomycota,Lecanoromycetes,Ostropales,Stictidaceae,0,0,0,0,0,0,0,0,0,0,0,0,0,0,0,0,0,0,0,0,0,0,0,0,0,0,0,0,0,0,0,0,0,0,0,0,6.80E-06,0,0,0,0,0,0,0
Fungi,Ascomycota,Lecanoromycetes,Teloschistales,Teloschistaceae,0,0,0,0,0,0,0,0,0,0,0,0,0,0,0,0,0,0,0,0,0,0,0,0,0,0,0,0,0,0,6.69E-05,0,0,0,0,0,0,0,0,0,0,0,0,0
Fungi,Ascomycota,Leotiomycetes,Chaetomellales,Chaetomellaceae,0,0,0,0,0,0,0,0,0,0,0,0,0,0,0,0,0,0,0,0,0,0,0,0,5.69E-05,0,0,0,0,0,0,0,0,0,0,0,0,0,0,0,0,0,0,0
Fungi,Ascomycota,Leotiomycetes,Erysiphales,Erysiphaceae,0,0,0,0,0,0,0,0,0,0,0,0,0,0,0,0,0,0,0,0,0,0,0,0,0,0,0.000223193,0,0,0,0,0,0,0,0,0,0,0,0,0,0,0,0,0
Fungi,Ascomycota,Leotiomycetes,Helotiales,Rutstroemiaceae,0,0,0,0,0,0,0.001497587,0.001063757,0,0.001694954,0,0,0,0,0,0,0,0.000212427,0,0,0,0.001607742,0,0.000399345,0.001222588,0,0.00167308,0,0,0,0.000259703,0,0,0.000961561,0.000695673,7.36E-05,0.000189001,0,4.99E-05,0.00014272,0.001020475,0,0.000268298,0
Fungi,Ascomycota,Lichinomycetes,Lichinales,Lichinaceae,0,0,0,0,0,0,0,5.88E-05,0,0,0,0,0,0,0,0,0,0,0,0,0,0,0,0,0,0,0,0,0,0,0,0,0,0,0,0,0,0,0,0,0,0,0,0
Fungi,Ascomycota,Lipomycetes,Lipomycetales,Lipomycetaceae,0,0,0,0,0,0,0,0,0,0,0,0,0,0,0,0,0,0,0,0,0,0,0,0,0,0,1.56E-05,0,0,0,0,0,0,0,0,0,0,0,0,0,0,0,0,0
Fungi,Ascomycota,Pezizomycetes,Pezizales,Ascobolaceae,0,0,0,0,0,0,0,0,0,0,0,0,0,0,0,0,0,0,0,0,0,0,0,0,5.98E-05,0,0,8.83E-05,0,0,0,0,0,0,0,0,1.05E-05,0,0,0,0,0,0,0
Fungi,Ascomycota,Pezizomycetes,Pezizales,Pyronemataceae,0,0,0,0,0,0,0,0,0,0,0,0,0,0,0,0,0,0,0,0,0,0,0,0,0.000159024,0,0,0,0,0,0,0,0,0,0,0,3.92E-06,0,0,0,0,0,0,0
Fungi,Ascomycota,Pezizomycetes,Pezizales,Sarcosomataceae,0,0,0,6.37E-05,0,0,0,0,0,0,0,0,0,0,0,0,0,0,0,0,0,0.002245734,0,0.000559083,0.000692995,0,0.000186859,0,0,0,0,0,0,0.000273036,0,7.65E-05,0.000124955,0,0,0.000147864,0.0007033,0,0.000238487,0
Fungi,Ascomycota,Pezizomycetes,Pezizales,Tuberaceae,0,0,0,0,0,0,0,0,0,0,0,0,0,0,0,0,0,0,0,0,0,0,0,0,0,0,0.000185129,0,0,0,0,0,0,0,0,0,0,0,0,0,0,0,0,0
Fungi,Basidiomycota,Agaricomycetes,Agaricales,Agaricaceae,0,0,0,0,0,0,0,0,0,0,0,0,0,0,0,0,0,0.000563581,0,0,0,0,0,0,5.69E-05,0,0,0,0,0,0,0,0,0,0,0,0,0.023314749,0,0,0,0,0,0
Fungi,Basidiomycota,Agaricomycetes,Agaricales,Bolbitiaceae,0,0,0,0,0,0,0,0,0,0,0,0,0,0,0,0,0,0,0,0,0,0,0,0,0,0,0,0,0,0,0,0,0,0,0,0,0,0,0,2.57E-05,0,0,0,0
Fungi,Basidiomycota,Agaricomycetes,Agaricales,Callistosporiaceae,0,0,0,0,0,0,0.002163182,0,0,0,0,0,0,0,0,0,0,0,0,0,0,0.001572014,0,0,0.005958295,1.46E-05,0,0,0,0,0,0,0,0,0,0.000252502,0.000134105,0,0,0,0.001327307,0,0,0
Fungi,Basidiomycota,Agaricomycetes,Agaricales,Clavariaceae,0,0,0,7.47E-05,0,0,0,0,0,0,0,0,0,0,0,0,0,0,0,0,0,0.00019395,0,0,0.000259691,0,0.000205891,0.000116678,0,0,0,0,0,0,0,1.82E-05,0.000256969,0,0,0.000239153,0.001513475,0,6.56E-05,0
Fungi,Basidiomycota,Agaricomycetes,Agaricales,Clitocybaceae,0,0,0,0,0,0,0,0,0,0,0,0,0,0,0,0,0,0,0,0,0,0,0,0,0.00019258,5.11E-05,0,0,0,0,0,0,0,0,0,0,3.74E-05,0,0,0,0.000275804,0,0,0
Fungi,Basidiomycota,Agaricomycetes,Agaricales,Cortinariaceae,0,0,0,0,0,0,0.014532143,0.005779582,0,0,0,0,0,0,0,0,0,0,0.624450298,0,0,0.002046681,0.000286702,0.001797053,0.000309294,0.000265861,0.000846056,0.000502978,0,0,0.000444644,0,0.063594131,0,0,0.002275388,0.001564033,0,0.000379208,0.00063517,0.000899811,0,0,0
Fungi,Basidiomycota,Agaricomycetes,Agaricales,Crepidotaceae,0,0,0,0,0,0,0.00698874,0,0,0,0,0,0,0,0,0,0,0,0,0,0,0.00055633,0,0,0,0,0,0,0,0,0,0,0,0,0,0,0,0,0,0,8.27E-05,0,0,0
Fungi,Basidiomycota,Agaricomycetes,Agaricales,Entolomataceae,0,0,0,0,0,0,0,0,0,0,0,0,0,0,0,0,0,0,0,0,0,9.70E-05,0.000186584,0.003673975,0.000885574,0,0.001460268,7.41E-05,0,0,0.000267573,0.006860237,0,0,0,0.000346234,0.018700428,0,0,7.71E-05,0.001389363,0,0,0
Fungi,Basidiomycota,Agaricomycetes,Agaricales,Galeropsidaceae,0,0,0,0.012360266,0,0,0,0,0,0,0,0,0,0,0,0,0,0,0,0,0,0,0,0,0,0,0.00010035,0,0,0,0,0,0,0,0,0,0.002394019,0,0,0,0,0,0,0
Fungi,Basidiomycota,Agaricomycetes,Agaricales,Hygrophoraceae,0,0,0,0.003037358,0,0,0,0.004362873,0,0,0,0,0,0,0,0,0,0.000606933,0,0,0,0.000847254,0,0,4.38E-05,1.46E-05,3.98E-05,4.57E-05,0,0,0,0,0,0.011514993,0,4.59E-05,0.000692483,0,0,0,0.002109901,0,0.000208676,0
Fungi,Basidiomycota,Agaricomycetes,Agaricales,Inocybaceae,0,0,0,0,0,0,0,0,0,0,0,0,0,0,0,0,0,0,0,0,0,0,0,0,0,0,0,0,0,0,0,0,0,0,0,0,6.14E-05,0,0,0,0.0011963,0,0,0
Fungi,Basidiomycota,Agaricomycetes,Agaricales,Lycoperdaceae,0,0.006118911,0,0,0.001678641,0.005125105,0.022131011,0.001063757,0,0.00341271,0,0,0,0,0,0.000157087,0,0.001309241,0,0,0,0.021630505,0,0.000718821,0.00793953,3.35E-05,0.001126344,0.000406797,0,0,0.000724022,0,0,0,0.005824785,0.001288334,0.021741705,0,0,0.00108519,0.009042925,0,0.000518709,0
Fungi,Basidiomycota,Agaricomycetes,Agaricales,Mycenaceae,0,0,0,0,0,0,0,0,0,0,0,0,0,0,0,0,0,0,0,0,0,0,0,0,2.19E-05,0,0,0,0,0,0,0,0,0,0,0,0,0,0,0,0,0,0,0
Fungi,Basidiomycota,Agaricomycetes,Agaricales,Omphalotaceae,0.00079157,0.029574736,0,0,0.002081515,0,0.008098064,0,0,0.001246513,0,0,0,0,0.008038201,0.002722837,0,0.027693482,0,0.001773811,0,0.004491469,0,0,0.001798868,0.000633321,0.001565809,0,0.019745917,0,0.000696477,0.000567227,0,0,0,0.00558087,0.096225539,0.065382666,0.009110231,0.000372873,0.001589321,0,0.000757196,0
Fungi,Basidiomycota,Agaricomycetes,Agaricales,Phyllotopsidaceae,0,0,0,0,0,0,0,0,0,0,0,0,0,0,0,0,0,0,0,0,0,0,0,0,0,0,0,0,0,0,0,0,0,0,0,0.000117643,0,0,0,4.76E-05,0,0,0,0
Fungi,Basidiomycota,Agaricomycetes,Agaricales,Physalacriaceae,0,0.000883843,0,0,0,0,0,0.00214222,0.002376834,0,0,0,0,0,0,0,0,0,0,0,0,0,0,0,0.000302,9.37E-05,0.00029586,9.78E-05,0,0,0,0,0,0,0,0.000509786,0.005612272,0,0.000105438,0,0.000403363,0,0,0
Fungi,Basidiomycota,Agaricomycetes,Agaricales,Pleurotaceae,0,0.002005643,0,0,0,0,0,0.006760003,0,0.007767905,0,0,0,0,0,0,0,0.000593927,0,0,0,0.000934021,0,0,0,0,0,0,0,0,0,0.007598703,0,0,0,0,0.000101167,0,0,0,9.31E-05,0,0,0.003927405
Fungi,Basidiomycota,Agaricomycetes,Agaricales,Pluteaceae,0,0,0,0,0,0,0,0,0,0.000311628,0,0,0,0,0,0,0,0.001460974,0,0,0.027253476,0.001306609,0,0.003434368,0.000116715,0.000205632,0.002629867,0,0,0,0.000196745,0.000139131,0,0,0,0.002187395,0.000175408,0,0.002338138,8.61E-05,0.000396468,0,0.000351768,0
Fungi,Basidiomycota,Agaricomycetes,Agaricales,Porotheleaceae,0,0,0,0,0,0,0,0,0,0,0,0,0,0,0,0,0,0,0,0,0,0,0,0,0,0,0,0,0,0,0,0,0,0,0,0,1.33E-05,0,0,0,0,0,0,0
Fungi,Basidiomycota,Agaricomycetes,Agaricales,Psathyrellaceae,0,0,0,0,0,0,0,0,0,0,0,0,0,0,0,0,0,0,0,0,0,0.000102079,0,0,0,0,0,0,0,0,0,0,0,0,0,0,0,0,0,0,0,0,0,0
Fungi,Basidiomycota,Agaricomycetes,Agaricales,Pterulaceae,0,0,0,0,0,0,0.011925232,0,0,0,0,0,0,0,0,0,0,0.000702308,0,0,0,0.002812272,0,0.000838625,0.000547101,0,0.000463687,0.008692526,0,0,0,0,0,0,0,5.36E-05,0.000141424,0,0,0.000185151,0,0,8.94E-05,0
Fungi,Basidiomycota,Agaricomycetes,Agaricales,Schizophyllaceae,0,0,0,0,0,0,0,0,0,0,0,0,0,0,0,0,0,0,0,0,0,0,0,0,0,0,0,0,0,0,0,0,0,0,0,0.000298412,0,0,6.10E-05,0,0,0,0,0
Fungi,Basidiomycota,Agaricomycetes,Agaricales,Squamanitaceae,0,0,0,0,0,0,0,0,0,0,0,0,0,0,0,0,0,0,0,0,0,0,0,0,0.000182367,0,0,0,0,0,0,0,0,0,0,0,0,0,0,0.000934755,0,0,0,0
Fungi,Basidiomycota,Agaricomycetes,Agaricales,Stephanosporaceae,0,0,0,0,0,0,0,0,0,0,0,0,0,0,0,0,0,0,0,0,0,0,0,0,0,0,5.02E-05,0,0,0,0,0,0,0,0,0,0,0,0,0,0,0,0,0
Fungi,Basidiomycota,Agaricomycetes,Agaricales,Tricholomataceae,0,0,0,0,0,0,0,0.001107876,0,0.004887244,0,0,0,0,0,0,0,0.002778886,0.001183115,0,0,0,0.000609812,0,0.002157766,0.000173388,0.001313203,0.000122985,0.006228675,0,0,0.003563899,0,0.002267385,0,5.93E-05,0.035536198,0,7.03E-05,0.000509165,0.003854362,0,0,0
Fungi,Basidiomycota,Agaricomycetes,Amylocorticiales,Amylocorticiaceae,0,0,0,0,0,0,0,0,0,0,0,0,0,0,0,0,0,0,0,0,0,0,0,0,0,0,0,0,0,0,0,0,0,0,0,0,1.70E-05,0,0,0,0,0,0,0
Fungi,Basidiomycota,Agaricomycetes,Auriculariales,Auriculariaceae,0.001474299,0,0,0,0,0,0,0.000892183,0.002934777,0.001109701,0,0,0,0,0,0,0,5.20E-05,0.084358328,0,0,0.001301505,0,0.000638952,0.001027091,4.38E-05,0.001344346,7.41E-05,0,0,0.002703277,0.0058007,0,0.001911251,0,0,0.000278927,0,0,0.00010929,0.000227538,0,0.00013713,0.003679358
Fungi,Basidiomycota,Agaricomycetes,Auriculariales,Exidiaceae,0,0,0,0,0,0,0,0,0,0,0,0,0,0,0,0,0,0,0,0,0,0,0,0,0,0,5.19E-05,0,0,0,0,0,0,0,0,0,3.35E-05,0,0,0,0,0,0,0
Fungi,Basidiomycota,Agaricomycetes,Boletales,Boletaceae,0,0,0,0,0,0,0,0,0,0.002287808,0,0,0,0,0,0,0,0,0,0,0,0,0,0,0,3.16E-05,0.000254336,0.001876312,0,0,0,0,0.91898476,0.000427361,0,0.00089906,0.010738839,0,0,0,0.013490266,0,0,0
Fungi,Basidiomycota,Agaricomycetes,Boletales,Gyroporaceae,0,0,0,0,0,0,0,0,0,0,0,0,0,0,0,0,0,0,0,0,0,0,0,0,7.44E-05,0,2.25E-05,0,0,0,0,0,0,0,0,0,0,0,0,0,0,0,0,0
Fungi,Basidiomycota,Agaricomycetes,Boletales,Rhizopogonaceae,0,0,0,0,0,0,0,0,0,0,0,0,0,0,0,0,0,0,0,0,0,0,0,0,0,0,0,0,0,0,0,0,0,0,0,6.41E-05,0,0,0,0,0,0,0,0
Fungi,Basidiomycota,Agaricomycetes,Boletales,Sclerodermataceae,0,0,0,0,0,0,0,0.001470631,0,0,0,0,0,0,0,0,0,0,0,0,0,0,0,0,0,0,0,0,0,0,0,0.000321072,0,0,0,0.000373971,0.00011659,0,0,0,0,0,0,0
Fungi,Basidiomycota,Agaricomycetes,Boletales,Serpulaceae,0,0,0,0,0,0,0,0,0,0,0,0,0,0,0,0,0,0,0,0,0,0,0,0,0.000100667,0,2.25E-05,0,0,0,0,0,0,0,0,4.02E-05,0,0,0.000162782,0,0,0,0,0
Fungi,Basidiomycota,Agaricomycetes,Boletales,Suillaceae,0,0,0,0,0,0,0,0,0,0,0,0,0,0,0,0,0,0,0,0,0,0,0,0,0,0,0,0,0,0,0,0,0,0,0,6.12E-05,1.54E-05,0,0.014363643,0,0,0,0,0
Fungi,Basidiomycota,Agaricomycetes,Cantharellales,Botryobasidiaceae,0,0,0,0,0,0,0,0,0,0.001162906,0,0,0,0,0,0,0,0,0,0,0,0.000520602,0.001765723,0,0,0,0,0,0,0,0,0.002076265,0,0,0,0.000344321,0,0,0,0,0,0,0,0
Fungi,Basidiomycota,Agaricomycetes,Cantharellales,Cantharellaceae,0,0,0,0,0,0,0,0,0,0,0,0,0,0,0,0,0,0,0,0,0,0,0,0,0,0,0,0,0,0,0,0,0,0,0,0,3.95E-05,0,0,0,0.000330965,0,0,0
Fungi,Basidiomycota,Agaricomycetes,Cantharellales,Ceratobasidiaceae,0.000346312,0,0,0,0.004498758,0,0.035609296,0.002044178,0,0.000205219,0,0,0,0.001214434,0,0,9.70E-05,0.003919052,0.00091524,0.003004034,0,0.001817003,0.001456266,0,0.007930776,0.00457743,0.001558888,0.002641027,0,0,0.001148991,0,0,0,0,0.005671732,0.000531714,0,0.001670363,0.000808749,0.00341997,0,0.001108965,0
Fungi,Basidiomycota,Agaricomycetes,Cantharellales,Hydnaceae,0,0,0,0,0,0,0,0,0,0,0,0,0,0,0,0,0,0,0,0,0,0,0,0,0,0,0.000256066,0,0,0,0,0,0,0,0.007958967,0,0.000134889,0,0,0,0.000537818,0,0,0
Fungi,Basidiomycota,Agaricomycetes,Cantharellales,Tulasnellaceae,0,0,0,0.00031845,0,0,0.000998391,0.001931429,0,0,0,0.018819326,0,0,0,8.09E-05,0.002097733,0.001348258,0.000145099,0,0,0.000204158,0,0,0.000825758,0.000584042,0.000600371,0.0015925,0,0,3.54E-05,0,0,0.002279256,0.002900601,0.001077916,0.000176715,0,0.001598221,0.000187722,0.001834097,0,0.001913858,0.000248047
Fungi,Basidiomycota,Agaricomycetes,Corticiales,Corticiaceae,0,0,0,0.001185953,0,0,0,0.000318637,0.004731351,0.005160869,0,0,0,0,0,0,0,0.004400264,0,0,0,0.001663885,0,0,0.00261879,0.000469059,0.000650546,0.000739488,0,0,0.009518526,0.003777947,0,0.000973432,0,0.018676545,0.000265334,0.007602636,0.00813909,0.000286727,0.000720538,0,0.000888364,0
Fungi,Basidiomycota,Agaricomycetes,Geastrales,Geastraceae,0,0,0,0,0,0,0.001553053,0,0,0,0,0,0,0,0,0,0,0.001499991,0,0,0,0.287785757,0,0.000279542,0.002099409,6.69E-05,0.001247457,0.000275928,0,0,0,0,0,0,0,0.000425619,0.000147437,0,0.004772466,0.000426876,0,0,0.000500823,0
Fungi,Basidiomycota,Agaricomycetes,Geastrales,Sphaerobolaceae,0,0,0,0,0,0,0,0,0,0,0,0,0,0,0,0,0,9.10E-05,0,0,0,0,0,0,0.014326752,0.07074028,0,0.00119201,0,0,0,0,0,0,0,4.69E-05,0.062886777,0,0,0,0,0,0,0
Fungi,Basidiomycota,Agaricomycetes,Gloeophyllales,Gloeophyllaceae,0,0,0,0,0,0,0.005491153,0,0,0,0,0,0,0,0,0,0,0,0,0,0,0.001949706,0.000851006,0,0.000105043,0,0,4.89E-05,0,0,0.000334467,0,0,0,0,0,0.000191093,0,6.84E-05,0.00016715,0.001875468,0,0.000196752,0
Fungi,Basidiomycota,Agaricomycetes,Gomphales,Gomphaceae,0,0.135329911,0,0,0,0,0.001941317,0,0,0.000273625,0,0.02029413,0,0,0,0,0,0.012437789,0,0,0,0.004256687,0.001205971,0,0.004103987,0.007972784,0.107151508,5.20E-05,0,0.76021981,0,0,0,0.001661958,0,8.80E-05,0.000106918,0,0.000334813,0.000320157,0.003030397,0,0.350498438,0
Fungi,Basidiomycota,Agaricomycetes,Hymenochaetales,Hymenochaetaceae,0,0.005405038,0,0,0,0,0.008208997,0.001186309,0.499023601,0.000676461,0,0,0,0,0,0.001209092,0,0.001005775,0.000658526,0,0,0.0010361,0,0,0.000837429,0.000379627,0.00108655,0.000659074,0,0,0.000720087,0.000524418,0.002124526,0,0,6.70E-05,0.000175147,0.012164217,0.001026635,0.000378016,0.00016893,0,6.56E-05,0.000620117
Fungi,Basidiomycota,Agaricomycetes,Hymenochaetales,Schizoporaceae,0,0.000543903,0,0,0,0,0.083753952,0.000377462,0,0,0,0,0,0,0,0,0,0.001898833,0,0,0,0,0,0,0.000723632,0.000130801,0.001069249,0.000182901,0,0,0,0,0,0.001483891,0,0,0.000371206,0,0,0.000271297,0.000396468,0,0.000310033,0
Fungi,Basidiomycota,Agaricomycetes,Phallales,Clathraceae,0,0,0,0,0,0,0.001553053,0.000142161,0,0,0,0,0,0,0,0,0,0,0,0,0,0.00019395,0,0,5.25E-05,0,0.000261257,0,0,0,0,0,0,0,0,0,0.000294612,0,0,0.026921455,0.002589111,0,0.000566407,0
Fungi,Basidiomycota,Agaricomycetes,Phallales,Phallaceae,0,0,0,0,0.003424428,0,0.005602086,0,0,0,0,0,0,0,0,0,0,0.000498552,0,0,0,0.002802064,0,0,5.69E-05,8.33E-05,0.000115922,0.002500698,0,0,0,0,0,0,0,0.005542612,0.000557855,0.022807907,0.003357374,0.000136292,0,0,0.000518709,0
Fungi,Basidiomycota,Agaricomycetes,Polyporales,Cerrenaceae,0,0,0,0,0,0,0,0.001078463,0,0.000630857,0,0,0,0,0,0,0,0.003112699,0,0,0,0.002551971,0,0,0.000169237,0,0,0.000359495,0,0,0.000487928,0.002301016,0,0,0,0.000526046,0,0,0,0,0,0,0,0
Fungi,Basidiomycota,Agaricomycetes,Polyporales,Fomitopsidaceae,0,0,0,0,0,0.003810976,0.01996783,0.002436346,0.006907326,0.000304028,0,0,0,0,0,0,0,0.002332356,0,0.001974079,0,0.002883727,0,0,0.001628173,3.47E-05,0.001221504,0.000752101,0,0,0.000657128,0,0,0.003015266,0,9.47E-05,0.000308206,0,0.00115982,0.000230153,0.000131007,0,0,0
Fungi,Basidiomycota,Agaricomycetes,Polyporales,Irpicaceae,0,0.00129177,0,0,0.001141476,0,0.011758833,0.000210791,0,0.002439822,0,0,0,0,0,0,0.00038802,0.001660395,0,0,0,0.000413419,0,0,0.000140058,0,0,4.89E-05,0,0,0.000570561,0,0,0,0,5.83E-05,3.19E-05,0,0.000351461,0,0,0,0,0
Fungi,Basidiomycota,Agaricomycetes,Polyporales,Meripilaceae,0,0.017574872,0,0,0,0,0,0,0,0,0.005980926,0,0,0,0,0,0,0.004170496,0,0,0.055151459,0.00438939,0.021520888,0,0.000372029,0,0,0.00063227,0,0,0,0.000866894,0,0,0,0.004467565,0.000172532,0.015205271,0.01725857,0.000327871,0,0,0.00846629,0
Fungi,Basidiomycota,Agaricomycetes,Polyporales,Meruliaceae,0,0,0,0,0,0,0.011481502,0.009814014,0,0.000889281,0,0.003063853,0,0,0,0,0.002322057,0.002826573,0,0,0,0.008227554,0.001893146,0,0.001613583,0,0.000486179,7.88E-05,0.003295826,0.015949605,0,0,0,0,0,0.000706814,9.41E-05,0,0.001674063,0.000262297,0.000572293,0,8.94E-05,0
Fungi,Basidiomycota,Agaricomycetes,Polyporales,Podoscyphaceae,0,0.000679879,0,0.000270134,0,0,0.040379389,0.081105327,0,0.002569033,0,0.004289394,0,0,0,0,0,0.011562072,0,0.006637485,0,0.011795209,0.003704378,0.01381734,0.004613156,2.43E-05,0.004204327,0.004028551,0,0,0.000562691,0.000545822,0,0.001400793,0,0.002624491,0.001134532,0,0.004028849,0.001992944,0.002175404,0,0.001454771,0.001074869
Fungi,Basidiomycota,Agaricomycetes,Polyporales,Polyporaceae,0.081581161,0.01618112,0,0.001574682,0.005573088,0.019107443,0.198679905,0.223511476,0.22756235,0.063822995,0.030177112,0.877487433,0,0,0.008674891,0.005507557,0.005244331,0.096263894,0.003225662,0.006837754,0.063161771,0.055342041,0.017311368,0.058504053,0.04872117,0.002094643,0.038333772,0.011212145,0,0.027342179,0.032840684,0.025535923,0,0.014827038,0.010258224,0.0274596,0.008169412,0.081601622,0.075292129,0.009676706,0.030286733,0,0.019269753,0
Fungi,Basidiomycota,Agaricomycetes,Polyporales,Steccherinaceae,0,0,0,0,0,0,0,0.00067649,0,0.001147704,0,0,0,0,0,0,0,0.000893058,0,0,0,0.0003879,0,0,0.000376406,0,0.000873739,0,0,0,0,0,0,0,0,0,1.93E-05,0,0.000225675,0,0.000103427,0,0,0
Fungi,Basidiomycota,Agaricomycetes,Russulales,Albatrellaceae,0,0,0,0,0,0,0,0,0,0,0,0,0,0,0,0,0,0,0,0,0,0,0,0,3.21E-05,0,0,0,0,0,0,0,0,0,0,0,0.003542405,0,0,0.000138863,0.003020054,0,0,0
Fungi,Basidiomycota,Agaricomycetes,Russulales,Hericiaceae,0,0,0,0.000197659,0,0,0,0,0,0,0,0,0,0,0,0,0,0,0,0,0,0.000622681,0,0,0,0,0,0,0,0,0,0,0,0,0,0.000199897,0.000448062,0,0,0.00012472,0,0,0,0
Fungi,Basidiomycota,Agaricomycetes,Russulales,Lachnocladiaceae,0,0,0,0,0,0,0,0,0,0,0,0,0,0,0,0,0,0,0,0,0,0,0,0,0,0,0,0,0,0,0,0,0,0,0,0,0,0,0.000196078,0,0,0,0,0
Fungi,Basidiomycota,Agaricomycetes,Russulales,Peniophoraceae,0.000841043,0,0,0,0.002350097,0,0,0.003142249,0,0,0,0,0,0,0,0.005198144,0,0.000325143,0,0,0,0.000148014,0,0.005111617,0.000633178,0,0,0.001614574,0,0,0,0,0,0,0.000188657,0.000245807,0.000145084,0,0,0,0,0,0.000321958,0
Fungi,Basidiomycota,Agaricomycetes,Russulales,Russulaceae,0,0,0,0,0,0,0,0,0,0,0,0,0,0,0,0,0,0,0,0,0,0,0,0,0.00211108,0.005873882,0,0,0,0,0,0,0.011415784,0,0,0.000240068,0.010015771,0,0,0,0.074043046,0,0.001198397,0.006655918
Fungi,Basidiomycota,Agaricomycetes,Russulales,Xenasmataceae,0,0,0,0,0,0,0,0,0,0,0,0,0,0,0,0,0,0,0,0,0,0,0,0,0,0,0,0,0,0,0,0,0,0,0,0,0,0,0,0,0.000124112,0,0,0
Fungi,Basidiomycota,Agaricomycetes,Sebacinales,Sebacinaceae,0,0,0,0,0,0,0,0,0,0,0,0,0,0,0,0,0,0,0,0,0,0.000765591,0,0,0,0.000706934,0.000302781,0,0,0,0,0,0,0,0,0.000395969,4.55E-05,0,0,3.73E-05,0.000106874,0,0.000471012,0
Fungi,Basidiomycota,Agaricomycetes,Thelephorales,Thelephoraceae,0,0,0,0,0,0,0.010316712,0,0,0,0,0,0,0,0,0,0,0,0,0,0,0.000199054,0.001833986,0,0.000557314,0.001789237,0.0002924,0.000198668,0,0,0,0,0,0,0,1.34E-05,0.001315691,0,0,0.000415304,0.012438763,0,0.000375617,0
Fungi,Basidiomycota,Agaricomycetes,,Stereopsidaceae,0,0,0,0,0,0,0,0,0,0,0,0,0,0,0,0,0,0,0,0,0,0,0,0,5.25E-05,0,0,2.52E-05,0,0,0,0,0,0,0,0,3.84E-05,0,0.000246022,0,0,0,0,0
Fungi,Basidiomycota,Dacrymycetes,Dacrymycetales,Dacrymycetaceae,0,0,0,0,0,0,0,0.013711188,0,0,0,0.007311703,0,0,0,0,0,0.000611268,0,0,0,0.000219469,0,0,0.000401207,0,0.000174748,2.68E-05,0,0,0,0,0,0,0,0.000211375,4.97E-05,0,0.000114687,0,0.000544713,0,0.002223892,0
Fungi,Basidiomycota,Geminibasidiomycetes,Geminibasidiales,Geminibasidiaceae,0,0,0,0,0,0,0,0,0,0,0,0,0,0,0,0,0,0,0,0,0,0,0,0,0.000280116,0,0.000204161,0,0,0,0,0,0,0,0,0,2.64E-05,0,0,0,0,0,0,0
Plant,Streptophyta,Anthocerotopsida,Dendrocerotales,Dendrocerotaceae,0,0,0,0,0,0,0,0,0,0,0,0,0,0,0,0,0,0,0,0,0,0,0,0,1.75E-05,0,0,0,0,0,0,0,0,0,0,3.25E-05,2.04E-05,0,0,0,0.000286147,0,0,0
Plant,Streptophyta,Bryopsida,Bryales,Mniaceae,0,0,0,0,0,0,0,0,0,0,0,0,0,0,0,0,0,0,0,0,0,0,0,0,0,0,0,0,0,0,0,0,0,0,0,0,0,0,0,0,0.000110322,0,0,0
Plant,Streptophyta,Bryopsida,Buxbaumiales,Buxbaumiaceae,0,0.007342693,0,0,0,0,0,0.004931518,0,0.002736248,0,0.003136554,0,0,0,0,0,0,0.210259616,0,0,0,0,0,0.002758848,0.000327307,0.026077207,0,0,0,0.010069412,0,0,0.185284551,0,0.000209462,0.003044414,0,0,0.011796941,0.043832159,0,0,0
Plant,Streptophyta,Bryopsida,Dicranales,Fissidentaceae,0,0,0,0,0,0,0,0,0,0,0,0,0,0,0,0,0,0,0,0,0,0,0,0,0,0,0,0,0,0,0,0,0,0,0,0,5.44E-05,0,0,0,0.000206853,0,0,0
Plant,Streptophyta,Bryopsida,Dicranales,Leucobryaceae,0,0,0,0,0,0,0,0,0,0,0,0,0,0,0,0,0,0,0,0,0,0,0,0,0,0,0,0,0,0,0,0,0.000679848,0,0,0,7.58E-06,0,0,0,0,0,0,0
Plant,Streptophyta,Bryopsida,Funariales,Funariaceae,0.004333845,0,0.740544937,0.016776843,0,0,0.032614122,0.005549183,0.004909892,0.002781853,0.009073569,0.000488139,0.761067194,0,0,0.014585267,0,0.013534604,0.004486908,0,0,0.011402206,0.011490853,0,0.048779527,0.026244785,0.123695448,0.061705425,0,0,0.003722416,0.000395989,0.001104753,0.008096109,0.041351256,0.003279658,0.07957877,0,0.001659264,0.003577012,0.057050069,0,0.002563736,0.000248047
Plant,Streptophyta,Bryopsida,Grimmiales,Grimmiaceae,0,0,0,0,0,0,0,0,0,0,0,0,0,0,0,0.001866,0,0,0,0,0,0,0,0,0,0,0,0,0,0,0,0,0,0,0.007062846,0.002380597,0.001141851,0,0,4.89E-05,0,0,0,0
Plant,Streptophyta,Bryopsida,Hypnales,Pterobryaceae,0,0,0,0,0,0,0,0,0,0,0,0,0,0,0,0,0,0,0,0,0,0,0,0,0.008825104,5.17E-05,0,0,0,0,0,0,0,0,0,0,0.000267164,0,0,0,0.001034265,0,0,0
Plant,Streptophyta,Bryopsida,Orthotrichales,Orthotrichaceae,0,0,0,0,0,0,0,0,0,0,0,0,0,0,0,0,0,0,0,0,0,0,0,0,0,0,0,0,0,0,0,0,0,0,0,0,1.80E-05,0,0,0,0,0,0,0
Plant,Streptophyta,Bryopsida,Pseudoditrichales,Ditrichaceae,0.136159897,0,0,0.001693277,0,0,0,0.004117768,0,0,0,0,0.086363636,0,0,0.000766393,0,0.0004552,0.028394759,0,0,0.004215856,0.000719032,0,0.010443064,0.002298449,0.002060639,0.001922037,0,0,0.0111279,0.001102347,0,0.008487856,0.003207169,0.001672826,0.019628966,0,0,0.000223724,0.001478999,0,0.000536596,0
Plant,Streptophyta,Ginkgoopsida,Ginkgoales,Ginkgoaceae,0,0,0,0,0,0,0,0,0,0.003648331,0,0,0,0,0,0,0,0,0,0,0,0,0,0,0,0,0,0,0,0,0,0,0,0,0,0,0,0,0,0,0,0,0,0
Plant,Streptophyta,Gnetopsida,Gnetales,Gnetaceae,0,0,0,0,0.002820117,0,0,0,0,0,0,0,0,0,0,0,0,0,0,0,0,0.000183742,0.001014836,0,0,0,0,0.000200245,0,0,0,0,0,0,0,0.005611476,0,0,0,0,0,0,0,0
Plant,Streptophyta,Haplomitriopsida,Treubiales,Treubiaceae,0,0.00421525,0,0.001254036,0,0,0,0.001838289,0,0,0,0,0,0,0,0,0,0,0,0,0,0,0,0,0.000958521,0.000316965,0,6.78E-05,0,0,0,0,0,0,0.005777621,0,0.003816104,0,0,8.36E-05,0.004633508,0,0,0
Plant,Streptophyta,Jungermanniopsida,Metzgeriales,Aneuraceae,0,0,0,0,0,0,0,0,0,0,0,0,0,0,0,0,0,0,0,0,0,0,0,0,0,0,0,0,0,0,0,0,0,0,0,0,0,0,0,5.01E-05,0,0,0,0
Plant,Streptophyta,Jungermanniopsida,Porellales,Porellaceae,0,0,0,0,0,0,0,0,0,0,0,0,0,0,0,0,0,0,0,0,0,0,0,0,0.000294705,0,0,0,0,0,0,0,0,0,0,0,0,0,0,0,0,0,0,0
Plant,Streptophyta,Jungermanniopsida,Porellales,Radulaceae,0.001019146,0,0,0,0,0,0.047257197,0.00074512,0,0,0,0,0,0,0,0,0,0,0,0,0,0.000260301,0,0,0.009672746,0.000442899,0.005595388,0.000890854,0,0,0,0.006153879,0,0.043721361,0.019820776,5.16E-05,0.001472538,0,0,0.006896871,0.006298675,0,5.96E-05,0
Plant,Streptophyta,Lycopodiopsida,Lycopodiales,Lycopodiaceae,0,0,0,0.138967342,0,0,0,0,0,0,0,0,0,0,0,0.004822087,0,0,0,0,0,0,0,0,0,0,0,0,0,0,0,0,0,0,0,0,0.000204948,0,0,0,0.00035165,0,0,0
Plant,Streptophyta,Lycopodiopsida,Selaginellales,Selaginellaceae,0,0,0,0.008336811,0,0,0,0,0,0,0,0,0,0,0,0,0,0.000286126,0,0,0,0,0.044730136,0,0,0.001314095,0,0.001007532,0,0,0,0,0,0,0,0,0.000162599,0,0,0.000178722,0.004633508,0,0,0
Plant,Streptophyta,Magnoliopsida,Alismatales,Araceae,0,0,0,0,0,0,0,0.000117651,0,0,0,0,0,0,0.066892161,0,0,0.05930168,0,0.017480617,0.164901943,0,0,0,0.00078199,0.000962453,0.000107271,0.00063227,0,0.007505696,0.088842195,0.387266286,0,0,0,0.004732501,0,0,0,0.000882038,0.000679167,0,0.004143712,0
Plant,Streptophyta,Magnoliopsida,Alismatales,Hydrocharitaceae,0,0,0,0,0,0,0,0,0,0,0,0,0,0,0,0,0,0.001213866,0,0,0,0,0,0,0,0,0,0,0,0,0,0,0,0,0,0,0,0,0,0,0,0,0,0
Plant,Streptophyta,Magnoliopsida,Alismatales,Tofieldiaceae,0,0,0,0,0,0,0,0,0,0,0,0,0,0,0,0,0,0,0,0,0,0,0,0,0,0,0,0,0,0,0,0,0,0,0,0,0,0,6.84E-05,0,0,0,0,0
Plant,Streptophyta,Magnoliopsida,Apiales,Apiaceae,0,0,0,0.270043705,0,0,0,7.84E-05,0,0.000235621,0,0,0,0.000838538,0,0.043198858,0,0.000143063,0,0,0,0,0,0,0,0,0.000103811,0.00016871,0,0,0,0.000877597,0,0,0,0.003171579,0.000546614,0,0.022240062,0,0.000220643,0,0.002605471,0
Plant,Streptophyta,Magnoliopsida,Apiales,Araliaceae,0,0,0,0,0,0,0,0,0,0,0,0,0,0,0,0.029717958,0.252491815,0,0,0,0,0.019185717,0.001711113,0,0.004527079,0.000772031,0.000235304,0.000671688,0,0,0,0,0,0,0,0.000122425,0.001055846,0,0,0.000237867,0.002664957,0,0.027610837,0
Plant,Streptophyta,Magnoliopsida,Apiales,Pittosporaceae,0.018819572,0.000407927,0,0,0,0,0,0,0,0,0,0,0,0.101636595,0,0.041970725,0.128671032,0,0,0,0,0,0.002252662,0,0,0.190156821,0.000226653,0.000416257,0,0,0,0,0,0,0,2.39E-05,0.002001377,0,0,3.09E-05,0.0007033,0,0,0
Plant,Streptophyta,Magnoliopsida,Arecales,Arecaceae,0,0,0,0,0,0,0,0,0,0,0,0,0,0,0,0,0,0.03089722,0,0,0,0.081831498,0.03929189,0,0,0,0,0.07778179,0,0,0.002124847,0.000256858,0,0,0,0.000900973,1.07E-05,0,0.001487234,0,6.90E-05,0,0.046236675,0.000496093
Plant,Streptophyta,Magnoliopsida,Asparagales,Amaryllidaceae,0,0,0,0,0,0,0,0,0,0,0,0,0,0,0,0,0,0,0,0,0,0,0.00021844,0,1.60E-05,7.30E-05,9.69E-05,0.000269621,0,0,0,0.000107024,0,0.004439802,0.018476595,0.00056526,5.54E-05,0,0.00465038,2.57E-05,0,0,0,0
Plant,Streptophyta,Magnoliopsida,Asparagales,Asparagaceae,0,0,0,0,0,0,0,0,0,0,0,0,0,0,0,0,0,0,0,0,0,0,0,0,0,0,0,0,0,0,0,0,0,0,0,0,0,0,7.58E-05,0,0,0,0,0
Plant,Streptophyta,Magnoliopsida,Asparagales,Hypoxidaceae,0,0,0,0,0,0,0,0,0,0,0,0,0,0,0,0,0,0,0,0,0,0,0,0,0,0,0,0,0,0,0,0,0,0,0,0,0,0,0,0.001758934,0,0,0,0
Plant,Streptophyta,Magnoliopsida,Asparagales,Lanariaceae,0,0,0,0,0,0,0,0,0,0,0,0,0,0,0,0.002722837,0,0,0,0,0,0,0,0,0,0,0,0,0,0,0,0,0,0,0,0,0,0,0.000109138,0,0,0,0,0
Plant,Streptophyta,Magnoliopsida,Asparagales,Orchidaceae,0.384762282,0,0,0,0,0,0,0,0,0,0,0,0,0,0,0,0.003686189,0,0,0,0,0,0,0,0.000185285,0,0,0.005658893,0,0.005227181,0.015570403,0.009760587,0,0,0,0,0,0,0,0,0.000741223,0,0,0
Plant,Streptophyta,Magnoliopsida,Asterales,Asteraceae,0,0,0,0,0.001007185,0,0,0,0,0.003815546,0,0,0,0,0,0.002422944,0,0,0,0,0,0,0,0,0.000307836,0,0.000167827,7.25E-05,0,0,0,0,0,0,0,0.003796139,0,0,0.001026635,4.63E-05,0.000389573,0,0,0
Plant,Streptophyta,Magnoliopsida,Boraginales,Boraginaceae,0,0,0,0,0,0,0,0,0,0,0,0,0,0,0,0,0,0,0,0,0,0,0,0,0,0,0,0,0,0,0,0,0,0,0,0,5.49E-06,0,0,0,0,0,0,0
Plant,Streptophyta,Magnoliopsida,Brassicales,Brassicaceae,0,0.002651528,0,0.00129796,0.001342913,0,0.014143879,0.001338275,0,0.002029384,0,0,0,0.003874624,0,0.007811496,0,0.000377165,0.000256714,0,0,0,0,0.037458568,0.000436222,7.18E-05,2.60E-05,0.001950418,0,0,0,0.002782624,0,0.001175242,0.001214479,0.000790982,0.001437771,0,0,0,0.000217196,0,0,0.01120344
Plant,Streptophyta,Magnoliopsida,Brassicales,Tropaeolaceae,0,0,0,0,0,0,0,0,0,0,0,0,0,0,0,0,0,0,0,0,0,0,0,0,0,0,0,0,0,0,0,0,0,0,0,0.000506917,0,0,0,0,0,0,0,0
Plant,Streptophyta,Magnoliopsida,Cardiopteridales,Cardiopteridaceae,0,0,0,0,0,0,0,0,0,0,0,0,0,0,0,0,0,0,0,0,0,0,0,0,0,0,0,0,0,0,0.007952435,0,0,0,0,0,0,0,0,0,0,0,0.003493835,0
Plant,Streptophyta,Magnoliopsida,Caryophyllales,Cactaceae,0,0,0,0,0,0,0,0,0,0,0,0,0,0,0,0,0,0,0,0,0,0,0,0,0,0,0,0,0,0,0,0,0,0,0,0,0.00021462,0,0,0,0,0,0,0
Plant,Streptophyta,Magnoliopsida,Caryophyllales,Caryophyllaceae,0,0,0,0.044572069,0,0,0.001220256,0,0,0,0,0,0,0,0,0.022520528,0,0,0,0,0,0,0,0.000638952,0,0,0,0,0,0,0,0,0,0,0,0,0,0,0,0,0,0,0,0
Plant,Streptophyta,Magnoliopsida,Caryophyllales,Chenopodiaceae,0,0,0,0,0,0,0,0,0,0.004666824,0,0,0,0,0,0,0,0,0,0,0,0,0,0,0,0,0,0,0,0,0,0,0,0,0,0,0,0,0,0,0,0,0,0
Plant,Streptophyta,Magnoliopsida,Caryophyllales,Nepenthaceae,0,0,0,0,0,0,0,0,0,0,0,0,0,0,0,0,0,0,0,0,0,0,0,0,0,0,0,0,0,0,0,0.005254878,0,0,0,0,0,0,0,0,0,0,0,0
Plant,Streptophyta,Magnoliopsida,Caryophyllales,Nyctaginaceae,0,0,0,0,0,0,0,0,0,0,0,0,0,0,0,0,0,0,0,0,0,0,0,0,0,0,0,0,0,0,0,0,0,0,0,6.98E-05,0,0,0,0,0,0,0,0
Plant,Streptophyta,Magnoliopsida,Caryophyllales,Polygonaceae,0,0,0,0,0,0,0,0,0,0,0,0,0,0,0,0.022696656,0,0,0,0,0,0,0,0,0.00382533,0,1.38E-05,0,0,0,0,0,0,0,0,0.019852018,7.71E-05,0,0,0.000169722,0.000348203,0,0,0
Plant,Streptophyta,Magnoliopsida,Celastrales,Celastraceae,0,0,0,0,0,0,0,0,0,0,0,0,0,0,0.005133307,0,0,0,0,0,0,0,0,0,0,0,6.57E-05,0,0,0,0,0,0,0,0,0,0,0,0,0,0,0,0,0
Plant,Streptophyta,Magnoliopsida,Chloranthales,Chloranthaceae,0,0,0,0,0,0,0,0,0,0,0,0,0,0,0,0,0,0,0,0,0,0,0,0,0,0,0.000128033,0,0,0,0,0,0,0,0,0,0,0,0,0,0,0,0,0
Plant,Streptophyta,Magnoliopsida,Cornales,Nyssaceae,0,0,0,0,0,0,0,0,0,0,0,0,0,0,0,0,0,0,0,0,0,0,0,0,0,0,0.001067518,0,0,0,0,0,0,0,0,0,0,0,0,0.000424304,0,0,0,0
Plant,Streptophyta,Magnoliopsida,Cucurbitales,Anisophylleaceae,0,0.046367747,0,0,0.015376351,0.071961733,0.014365744,0.002284381,0.001171679,0.001330121,0,0.014218354,0,0,0,0.073707009,0.001649085,0.015979676,0,0,0,0,0.001647401,0.005830438,0.002064395,5.72E-05,0.000918723,0.010653981,0,0,0.002526206,0,0,0.001282082,0.009031954,0.0087008,0.00071418,0,0.001065481,0.000569596,0.005795333,0.087304532,0.005431542,0.072264252
Plant,Streptophyta,Magnoliopsida,Cucurbitales,Cucurbitaceae,0.000593677,0,0,0,0,0,0,0,0.001796574,0,0,0.003738939,0,0,0.057341823,0.008020945,0,0.00221097,0,0,0,0.000347068,0,0,7.15E-05,0.000237875,0.000368527,0.000260161,0,0.00938212,0.000582365,0.029260357,0,0.001460149,0.0091027,0.003245225,0.001751205,0,0.002127262,0.000237867,0,0,0.000172903,0
Plant,Streptophyta,Magnoliopsida,Dilleniales,Dilleniaceae,0,0,0,0,0,0,0,0.001632401,0,0,0,0,0,0,0,0,0,0,0,0,0,0,0,0,0,0,0,0.001467938,0,0,0,0,0,0,0,0,3.76E-05,0,0,0,0.003075215,0,0.002307362,0
Plant,Streptophyta,Magnoliopsida,Dioscoreales,Burmanniaceae,0,0,0,0,0,0,0,0,0,0,0,0,0,0,0,0,0,0,0,0,0,0.000148014,0,0,0,0,0,0,0,0,0,0,0,0,0,0,0,0,0.000297817,0,0,0,0,0
Plant,Streptophyta,Magnoliopsida,Dioscoreales,Dioscoreaceae,0,0,0,0,0,0,0,0,0,0,0,0,0,0,0,0,0,0,0,0,0,0.000229677,0,0,7.15E-05,0,0,0,0,0,0,0,0,0,0,0,0,0,0,0,0,0,0.000435239,0
Plant,Streptophyta,Magnoliopsida,Ericales,Balsaminaceae,0,0,0,0,0,0,0,0,0,0,0,0,0,0,0,0,0,0,0,0,0,0,0,0,0,0,0,0,0,0,0,0,0,0,0,0.005651647,0,0,0,0,0,0,0,0
Plant,Streptophyta,Magnoliopsida,Ericales,Diapensiaceae,0.002918914,0,0,0,0,0.003600715,0.002107715,0,0,0,0,0,0,0,0,0,0,0.000958087,0,0,0,0,0,0,0.018824652,0.000199548,0.000763007,0.004151537,0,0,0.0020068,0.031614885,0,0.002053705,0,8.32E-05,0.000249126,0,0,0.000272583,0.009556611,0,0,0
Plant,Streptophyta,Magnoliopsida,Ericales,Ebenaceae,0,0,0,0,0,0,0,0,0,0.000372434,0,0,0,0,0,0,0,0,0,0,0,0.000775799,0,0,0.002843466,0,0.008045317,0.000419411,0,0,0.147377782,0.004045507,0,0,0,0,0,0,0,0.006961159,0.002347782,0,0,0.00599446
Plant,Streptophyta,Magnoliopsida,Ericales,Ericaceae,0,0.001427746,0,0.104453913,0,0,0.002163182,0,0,0,0,0,0,0,0,0.016760681,0,0,0,0,0,0,0,0,0.00143997,0.0049674,0.000916993,0,0.173038113,0,0.129564485,0,0,0.000118711,0.012616437,0.002453287,0.011889578,0,0,8.87E-05,0,0,0,0
Plant,Streptophyta,Magnoliopsida,Ericales,Primulaceae,0.013793103,0,0,0.002264292,0,0,0,0,0,0,0,0,0,0,0,0,0.001000364,0,0,0,0,0,0,0,0.001270733,0.063186059,0.002596994,0.002098631,0,0,0,0,0,0,0.00510553,5.93E-05,0.006289331,0,0,0,0.003943998,0,0,0
Plant,Streptophyta,Magnoliopsida,Ericales,Symplocaceae,0,0,0,0,0,0,0,0.001460827,0,0,0,0,0,0,0,0,0,0,0,0,0,0,0,0,0,0,9.00E-05,0,0,0,0,0,0,0,0,0,0,0,0,0,0,0,0,0
Plant,Streptophyta,Magnoliopsida,Ericales,Theaceae,0,0.002685522,0,0,0,0,0,0,0,0,0,0,0,0,0,0,0,0,0,0,0,0,0,0,0,0,0,0,0,0,0,0,0,0,0,0,5.39E-05,0,0,0,0,0,0,0
Plant,Streptophyta,Magnoliopsida,Fabales,Fabaceae,0,0.042356461,0,0.000581995,0.057812395,0,0,0.000357854,0,0,0,0.005379918,0,0,0.043971349,0.004384149,0,0.008874226,0,0,0,0.001714924,0.044197688,0.018369873,9.34E-05,0.001913955,0.003799466,0.010951984,0,0,0.019340038,0,0,0,0.011166136,0.00768601,0.005590836,0,0.055745365,0.00834722,0.006767542,0.108984893,0.090505831,0.490966968
Plant,Streptophyta,Magnoliopsida,Fabales,Polygalaceae,0,0,0,0,0,0,0,0,0,0,0,0,0,0,0,0,0,0,0,0,0,0,0,0,0,0,0,0,0,0,0.003391885,0,0,0,0,0.005504354,0,0,0,0,0,0,0,0
Plant,Streptophyta,Magnoliopsida,Fagales,Betulaceae,0,0.018152769,0,0.004041025,0.005438797,0.013640664,0,0.382432817,0,0.613398497,0,0,0,0,0.003700756,0.001204332,0,0.030710805,0,0.012559723,0,0.076599958,0,0,0.017071011,0,0.016620067,0.000274351,0,0,0.001648724,0,0,0,0,0.000342408,0.002229067,0,0,0.000271297,0,0,0.035194725,0
Plant,Streptophyta,Magnoliopsida,Fagales,Casuarinaceae,0,0,0,0,0,0,0,0,0,0,0,0,0,0,0,0.000818755,0,0,0,0,0,0,0,0,0,0,0,0,0,0,0,0,0,0,0,0.000329974,0,0,0,0.001113477,0,0,0,0
Plant,Streptophyta,Magnoliopsida,Fagales,Nothofagaceae,0.000267155,0,0,0,0,0,0,0,0.007085867,0,0,0,0,0,0,0,0,0,0,0,0,0,0,0,0.000798038,0.018682656,0,0,0,0,0,0,0,0.002920297,0.028628699,0,0.028892653,0,0,3.60E-05,0.093097659,0,0,0
Plant,Streptophyta,Magnoliopsida,Gentianales,Gentianaceae,0.310196408,0,0,0.000232798,0,0,0,0,0,0,0.08359673,0,0,0,0,0,0.083551595,0,0,0.005893629,0,0.002684673,0.029594066,0,0.006950371,0.022147973,0.015163259,0.026169029,0,0,0,0.173261128,0,0.001661958,0,0,0.000112669,0,0,0.000174865,0.000586084,0,0.007333476,0
Plant,Streptophyta,Magnoliopsida,Gentianales,Loganiaceae,0,0.000475915,0,0.010778995,0.104008595,0,0.004825559,0.000568644,0,0,0,0,0,0,0.03402308,0.014728073,0,0,0,0,0.307890618,0.049288766,0.308328024,0.004712272,0.02370917,0.033336639,0.010368943,0.104743915,0,0,0,0.06131404,0,0,0,0.000394056,0.010543825,0,0,0.00120991,0.016065586,0,0.025559848,0.018603497
Plant,Streptophyta,Magnoliopsida,Gentianales,Rubiaceae,0.000870727,0,0,0.030454835,0.012959108,0,0,0.000117651,0,0,0,0,0,0.003440898,0,0.073145305,0,0.000741325,0,0,0,0.000668616,0.000860107,0,0.000929342,0.002376321,0.001913574,0.006513482,0.004108893,0,0,0,0,0,0,0.002767002,0.004698634,0,0,0.000145292,0,0,0.003565381,0
Plant,Streptophyta,Magnoliopsida,Gunnerales,Gunneraceae,0,0,0,0,0,0,0,0,0,0,0,0,0,0,0,0,0,0,0,0,0,0,0,0,0,0.002647049,0.000382369,0.000187631,0,0,0,0,0,0,0,0,0,0,0,0.000257154,0.000810174,0,0,0
Plant,Streptophyta,Magnoliopsida,Lamiales,Gesneriaceae,0,0,0,0,0,0,0.032447723,0,0,0,0,0,0,0,0.146597692,0,0,0,0,0,0,0,0,0,0,0.005511898,0.000351226,0.001272423,0,0,0.242295464,0,0,0,0,0,4.44E-06,0,0,0.000705888,0.002809754,0,0,0
Plant,Streptophyta,Magnoliopsida,Lamiales,Lamiaceae,0,0,0,0,0.019606527,0,0,0,0,0,0,0,0,0,0,0,0,0.001530338,0,0,0,0,0,0,0,0,0,0,0,0,0,0.015422156,0,0,0,0,0,0,0,0,0,0,0,0
Plant,Streptophyta,Magnoliopsida,Lamiales,Oleaceae,0.007549597,0.001699697,0,0,0.079097563,0,0,0.063737169,0,0.086442649,0,0,0,0.046987046,0,0.10068785,0,0.007630014,0,0.00194547,0,0.004736458,0,0,0.00085056,0.017318675,0.001660969,0.003944985,0,0,0.000696477,0,0,0,0,0,0.00626136,0,0,0,0,0,0.001657485,0
Plant,Streptophyta,Magnoliopsida,Lamiales,Orobanchaceae,0,0,0,0,0,0,0,0,0,0,0,0,0,0,0,0,0,0,0,0,0,0,0,0,0,0,0,0,0,0,0.000527277,0,0,0,0,0,0,0,0,0,0,0,0,0
Plant,Streptophyta,Magnoliopsida,Lamiales,Plantaginaceae,0,0,0,0.000795028,0,0,0,0,0,0,0,0,0,0,0,0,0,0,0,0,0,0,0,0,0,0,0,0,0,0,0,0,0,0,0,0,0,0,0,0,0,0,0,0
Plant,Streptophyta,Magnoliopsida,Laurales,Lauraceae,0,0,0,0,0,0,0,0,0,0,0,0,0,0,0,0,0,0,0,0,0,0.002633634,0.021557295,0,0,0,0.002093513,0,0,0,0,0,0,0,0,0.000702989,0.0001111,0,0,0.010616604,0,0,0.000238487,0
Plant,Streptophyta,Magnoliopsida,Magnoliales,Himantandraceae,0,0,0,0,0,0,0,0,0,0,0,0,0,0,0,0,0,0,0,0,0,0,0,0,0,0,0.000167827,0,0,0,0,0,0,0,0,0,0,0,0,3.09E-05,0.000144797,0,0,0
Plant,Streptophyta,Magnoliopsida,Magnoliales,Magnoliaceae,0,0,0,0,0,0,0,0,0,0,0,0,0,0,0,0,0,0,0,0,0,0,0.002143442,0,0,0,0,0,0,0,0,0,0,0,0,0,0,0,0,0,0,0,0,0
Plant,Streptophyta,Magnoliopsida,Magnoliales,Myristicaceae,0,0,0,0,0,0,0,0,0,0,0,0,0.099802372,0,0,0,0,0,0,0,0,0.00209772,0,0.017730921,0,0,5.02E-05,0,0,0,0,0,0,0,0,0,0,0,0,0,0,0,0,0.00074414
Plant,Streptophyta,Magnoliopsida,Malpighiales,Achariaceae,0,0,0,0,0.283086014,0,0,0,0,0.000197618,0,0,0,0,0,0,0,0.001660395,0,0,0.304207716,0.042097312,0.011891326,0.365041332,0,0,0.000313162,7.25E-05,0,0,0.02565162,0.001594657,0,0,0,0.000717335,0,0,0,0,0,0,0.044907109,0.002149737
Plant,Streptophyta,Magnoliopsida,Malpighiales,Calophyllaceae,0,0,0,0,0,0,0,0,0,0,0,0,0,0,0,0,0,0,0,0,0,0,0,0,0,0.001034241,0,0,0,0,0,0,0,0,0,0,0,0,0,0,0.002134034,0,0,0
Plant,Streptophyta,Magnoliopsida,Malpighiales,Dichapetalaceae,0,0,0,0,0,0,0,0,0,0,0,0,0,0,0,0,0,0,0,0,0,0.092524256,0,0,0,0,0,0,0,0,0,0,0,0,0,0,0,0,0,3.47E-05,0,0,0,0
Plant,Streptophyta,Magnoliopsida,Malpighiales,Euphorbiaceae,0,0,0,0.034651791,0.003625865,0,0.011204171,0.01672108,0.178887463,0.000152014,0,0.006190021,0,0,0,0,0,0,0,0,0,0.000617577,0,0,0.028908818,0.000132018,0.002603914,0.007002269,0,0,0.000680738,0,0,0,0,0.033305405,0.000468713,0,0.000734368,0.000461591,0.00101358,0,0.001210322,0
Plant,Streptophyta,Magnoliopsida,Malpighiales,Phyllanthaceae,0,0,0,0.000722553,0,0,0,7.84E-05,0,0,0,0,0,0,0,0,0,0,0,0,0,0,0,0,0,0.00038997,3.81E-05,0.002071826,0,0,0,0.005072937,0,0,0,0,0.000604909,0,0.00026637,0,0,0,0,0
Plant,Streptophyta,Magnoliopsida,Malpighiales,Rhizophoraceae,0,0.001257776,0,0,0,0,0,0,0,0,0,0,0,0,0,0,0,0,0,0,0,0,0,0,0,2.56E-05,0,0,0,0,0.000727957,0,0,0,0,0,0,0,0,0,0.001061846,0,0,0
Plant,Streptophyta,Magnoliopsida,Malpighiales,Violaceae,0,0,0,0,0,0,0,0,0,0,0,0,0,0,0,5.24E-05,0,0,0,0,0,0,0,0,0,0,0,0,0,0,0,0,0,0,0,0,0.000109532,0,0,0,0.000806727,0,0,0
Plant,Streptophyta,Magnoliopsida,Malvales,Malvaceae,0,0,0,0,0.015980662,0,0.00116479,0,0,0,0,0,0,0,0,0,0,0.009706591,0,0,0.011140779,0.000484874,0.003745335,0,0.000580657,0,0.000749166,0.000223896,0,0.007907787,3.15E-05,0.0160643,0,0,0,0.012282695,0.000171225,0,0.001379946,0.001266484,0.000979104,0,0.008519949,0
Plant,Streptophyta,Magnoliopsida,Myrtales,Combretaceae,0,0.014991332,0,0,0,0,0.001386655,0,0,0,0,0,0,0,0,0,0,0,0.0010715,0,0,0,0,0.034104069,0,0,0.000252606,0,0,0,0,0,0,0,0,0,0,0,0,0.000622313,0,0,0,0
Plant,Streptophyta,Magnoliopsida,Myrtales,Lythraceae,0,0,0,0.000160323,0,0,0,0,0,0,0,0,0,0,0,0,0,0,0,0,0,0,0,0,0,0,0,0,0,0,0,0,0,0,0,0.000375884,0,0,0,0,0,0,0,0
Plant,Streptophyta,Magnoliopsida,Myrtales,Myrtaceae,0,0.002821498,0,0,0,0,0.015918797,0,0,0.001938176,0,0,0,0,0,0,0,0,0.000167422,0,0,0.00031134,0,0,0.027816075,0.082561658,0.006770177,0.01142658,0,0,0,0,0,0,0,0.000134859,0.001821263,0,0,0.002415962,0.013990161,0,0.0103563,0
Plant,Streptophyta,Magnoliopsida,Myrtales,Onagraceae,0,0,0,0,0,0,0,0,0,0,0,0,0,0,0,0,0,0,0,0,0,0,0,0,0,4.56E-05,0,0,0,0,0,0,0,0,0,0,0.000130706,0,0,0,0,0,0,0
Plant,Streptophyta,Magnoliopsida,Myrtales,Penaeaceae,0,0,0,0,0,0,0,0,0,0,0,0,0,0,0,0,0,0,0,0,0,0,0,0,0,0,0.000183399,0,0,0,0,0,0,0,0,0,0,0,0,0,0.00222367,0,0,0
Plant,Streptophyta,Magnoliopsida,Nymphaeales,Nymphaeaceae,0,0,0,0,0,0,0,0,0,0.00022042,0,0,0,0,0,0,0,0,0,0,0,0,0,0,0,0,0,0,0,0,0,0,0,0,0,0,0,0,0,0,0,0,0,0
Plant,Streptophyta,Magnoliopsida,Oxalidales,Oxalidaceae,0,0,0,0,0,0,0,0,0,0,0,0,0,0,0,0,0,0,0,0,0,0,0,0,0,0,0,0,0,0,0,0,0,0,0,0,0,0,0.001379946,0,0,0,0,0
Plant,Streptophyta,Magnoliopsida,Piperales,Piperaceae,0.005323307,0,0,0,0,0,0.010094847,0,0,0.000364833,0.455681199,0,0,0,0,0.00975842,0.464471929,0.122227617,0.000412974,0.002460447,0,0.00539997,0.182834259,0.001916856,0.039418993,0.003124017,0.291612454,0.132456565,0,0,0.001585765,0.000856192,0,0,0,0.005064388,0.004702555,0,0.140238364,0.24742846,0.057084544,0,0.000840667,0
Plant,Streptophyta,Magnoliopsida,Poales,Juncaceae,0,0,0,0,0,0,0,0,0,0,0,0,0,0,0,0.01558015,0,0,0,0,0,0.001082036,0,0,0,0,0,0,0,0,0,0,0,0,0,0.000638907,7.01E-05,0,0,0,0.002616691,0,0,0
Plant,Streptophyta,Magnoliopsida,Poales,Poaceae,0.018908623,0.004283238,0,0.15778666,0.00261868,0.158300042,0.00698874,0.014799455,0.047670591,0.033207415,0.012697548,0.011891903,0.023913043,0.014457553,0.008157581,0.235192193,0,0.046122566,0,0.003433182,0,0.000239885,0.023218349,0.068407811,0.017107484,0.056800532,0.008268509,0.056420218,0.791796733,0.036590269,0.008389209,0.004056209,0.00113308,0.059877965,0.087029831,0.232780124,0.173969452,0,0.178856495,0.040145601,0.096621056,0.02496687,0.014130357,0.033899706
Plant,Streptophyta,Magnoliopsida,Proteales,Proteaceae,0,0,0,0,0,0,0,0,0,0,0,0,0,0,0,0,0,0,0,0,0,0,0,0,0.000159024,0,0.000564037,0,0,0,0.000243964,0,0,0,0,0,0,0,0,0,0,0,0,0
Plant,Streptophyta,Magnoliopsida,Ranunculales,Berberidaceae,0,0.200598294,0,0,0,0,0.007377004,0,0,0,0,0,0,0,0,0,0,0.00028179,0,0.00194547,0.066292238,0.072491285,0.161568217,0.05998163,0.008129192,0.077755477,0.004605728,0.01581778,0,0,0,0.003585303,0,0,0,0.000148249,0.000609092,0,0,0.002765692,0,0,0.072410627,0
Plant,Streptophyta,Magnoliopsida,Ranunculales,Menispermaceae,0,0,0,0,0,0,0,0,0,0,0,0,0,0,0,0,0,0.000264449,0,0,0,0,0,0,0,0,0,0,0,0,0,0,0,0,0,0,0,0,0,0,0,0,0,0
Plant,Streptophyta,Magnoliopsida,Rosales,Cannabaceae,0,0,0,0,0,0,0,0,0,0,0,0,0,0,0,0.002875164,0,0,0,0,0,0,0,0,0,4.20E-05,0,0.001543621,0,0,0,0,0,0,0,0.001082698,8.00E-05,0,0.005325554,0.00075989,0.001037713,0,0,0
Plant,Streptophyta,Magnoliopsida,Rosales,Elaeagnaceae,0,0,0,0,0,0,0,0,0,0.011705063,0,0,0,0,0,0,0,0,0,0,0,0,0,0,0,0,0.000153986,0.000394183,0,0,0,0,0,0,0,0,0,0,0,0,0.001765146,0,0,0
Plant,Streptophyta,Magnoliopsida,Rosales,Rosaceae,0,0,0,0.012287791,0,0.002339151,0,0.013230781,0,0,0,0,0,0,0,0.000590265,0.044688978,0.033346628,0,0,0,0.002230423,0.00245745,0,0.022854233,0.019712031,0.007790981,0.045119776,0,0,0.004914691,0,0,0,0,0.02427463,0.039060043,0,0,0.075499136,0.013869496,0,0.003523646,0.288767622
Plant,Streptophyta,Magnoliopsida,Rosales,Urticaceae,0,0.357718326,0.021011251,0.002670591,0.028134023,0,0.09018803,0.014676902,0,0.013377215,0,0.008661875,0,0.007546842,0.552924791,0.129710818,0,0.011215253,0.003225662,0,0,0.004445533,0.002493856,0.024679526,0.386917137,0.003703192,0.018808739,0.001595653,0,0.100254658,0.15718749,0.00057793,0.00056654,0.0033714,0.008737177,0.003288266,0.030012284,0,0.007223442,0.0121711,0.062162786,0.549854227,0.016258854,0
Plant,Streptophyta,Magnoliopsida,Santalales,Balanophoraceae,0,0,0,0,0,0,0,0.007588458,0,0,0,0,0,0,0,0,0,0,0,0,0,0,0,0,0,0,0.099057746,0.077548433,0,0,0,0,0,0.026353902,0,4.78E-06,5.49E-06,0,0,0.134125111,0.014138405,0,0,0
Plant,Streptophyta,Magnoliopsida,Santalales,Loranthaceae,0,0,0,0,0,0,0,0,0,0,0,0,0,0,0,0,0,0,0,0,0,0.025172641,0.000113771,0,0.002894529,0.000376586,0.022033787,0.052593488,0,0,0,0,0,0,0,0,8.50E-05,0,0,0,0.00032407,0,0,0
Plant,Streptophyta,Magnoliopsida,Santalales,Olacaceae,0,0,0,0,0,0,0,0,0,0,0,0,0,0,0,0,0,0,0,0,0,0,0,0.013338125,0,0,0,0,0,0,0,0,0,0,0,0,0,0,0,0,0,0,0,0
Plant,Streptophyta,Magnoliopsida,Santalales,Santalaceae,0,0,0,0.001275998,0,0,0,0,0,0,0,0,0,0,0,0,0,0,0,0,0,0.000127599,0,0,0.004000403,0.002400657,0.000134954,1.42E-05,0,0,0,0,0,0,0,0,1.10E-05,0,0,0,0,0,0,0
Plant,Streptophyta,Magnoliopsida,Santalales,Viscaceae,0,0,0,0,0,0,0,0,0,0,0,0,0,0,0,0,0,0,0,0,0,0,0.003158278,0,0,0,0,0,0,0,0,0,0,0,0,0,0,0,0,0,0,0,0,0
Plant,Streptophyta,Magnoliopsida,Sapindales,Anacardiaceae,0,0,0,0,0,0,0,0,0,0,0.005572207,0,0,0,0,0,0,0.000342484,0,0,0,0,0.003153727,0,4.67E-05,9.37E-05,0.010952012,0.006401534,0,0,0,0.021083725,0,0,0,0,0.000277882,0.013684744,0.010477228,0.004129894,0,0,0.003058596,0
Plant,Streptophyta,Magnoliopsida,Sapindales,Meliaceae,0,0,0,0,0.025918217,0,0,0,0,0,0,0,0,0,0,0.003232179,0,0,0,0,0,0.00176086,0,0.061539076,0,0,0,0,0,0,0,0,0,0,0,0,0,0,0,0,0,0,0,0
Plant,Streptophyta,Magnoliopsida,Sapindales,Rutaceae,0,0,0,0,0,0,0,0,0,0,0,0,0,0,0,0,0,0,0,0,0,0,0,0,1.02E-05,0,0,0,0,0,0,0,0,0,0,0.000147293,0,0,8.32E-05,0,0,0,0,0
Plant,Streptophyta,Magnoliopsida,Sapindales,Sapindaceae,0,0.007138729,0,0,0.065601289,0,0,0.010897379,0,0.03281978,0.052506812,0,0,0,0.006645444,0,0,0.198562436,0,0,0,0.010616199,0.016733412,0.017970528,0.024758145,0,0.000662657,0.028608234,0,0,0.010045802,0.122349819,0,0,0,0,3.95E-05,0,0,0.000678887,0.003502711,0,0.017665927,0.01008723
Plant,Streptophyta,Magnoliopsida,Saxifragales,Grossulariaceae,0,0,0,0,0,0,0,0,0,0,0,0,0,0,0,0,0,0,0,0,0,0,0,0,0,0,0,0,0,0,0,0,0,0,0,0.000157814,0,0,0,0,0,0,0,0
Plant,Streptophyta,Magnoliopsida,Saxifragales,Haloragaceae,0,0,0,0.009937847,0,0,0,0,0,0,0,0,0,0,0,0.015461145,0,0,0,0,0,0,0,0,0,0,0,0,0,0,0,0,0,0,0,4.78E-05,0.001729507,0,0,0,0,0,0,0
Plant,Streptophyta,Magnoliopsida,Saxifragales,Saxifragaceae,0,0,0,0,0,0,0,0,0,0,0,0,0,0.472241499,0,0.000409378,0,0,0,0,0,0,0,0,0,0.000723361,0,0,0,0,0,0,0,0,0,0,0.000315264,0,0,0,0,0,0,0
Plant,Streptophyta,Magnoliopsida,Solanales,Convolvulaceae,0,0,0.234106005,0,0.043443228,0.046099664,0,0,0,0,0.344713896,0,0,0,0,0,0,0.085755285,0,0.002346007,0,0.000239885,0.015309002,0.109700092,0.003481021,0.005926811,0.000254336,0.000673265,0,0.019166332,0.034398905,0.000770573,0,0,0.003360453,0.487087963,0.068254366,0.758236189,0.402762851,0.147624411,0.052747526,0,0.002802223,0.008681632
Plant,Streptophyta,Magnoliopsida,Solanales,Solanaceae,0,0.006662814,0.004337807,0.00071816,0.01631639,0.002996215,0.004437295,0.00428444,0.003827484,0.000471243,0,0.004330938,0,0.014081656,0.055909272,0.042689516,0.008118104,0.000884388,0,0,0,6.12E-05,0,0.008346312,0.001126299,0.00019103,0.001920495,0.007949885,0,0,0.001400825,0.02155463,0,0.023267409,0.033863931,0.002196959,0.007527644,0,0.000854604,9.51E-05,0.003344124,0.14799894,0.004370275,0.030013643
Plant,Streptophyta,Magnoliopsida,Vitales,Vitaceae,0,0,0,0,0,0,0,0.000887281,0,0.001337721,0,0,0,0,0,0,0,0.009082317,0,0,0,0.014939238,0.000946573,0,0.026737921,0,0.049884424,0.013629276,0,0,0.003340731,0,0,0.000546072,0,0,4.50E-05,0,0,0.001513351,0.00016893,0,0.007214233,0
Plant,Streptophyta,Magnoliopsida,Zingiberales,Heliconiaceae,0,0,0,0,0,0,0,0,0,0,0,0,0,0,0,0,0,0,0,0,0,0,0,0,0,0,0,0,0,0,0,0,0,0,0,0,0,0,0.000775063,0,0,0,0,0
Plant,Streptophyta,Magnoliopsida,Zingiberales,Musaceae,0,0,0,0,0,0,0,0,0,0,0,0,0,0,0,0,0,0,0,0,0,0,0,0,0,0,0,0,0,0,0,0,0,0,0,0,0,0,0.000110988,0,0,0,0,0
Plant,Streptophyta,Magnoliopsida,Zingiberales,Zingiberaceae,0,0,0,0,0,0.083972876,0,8.82E-05,0,0,0,0,0,0.333362248,0,0.006935618,0,0.051623979,0,0,0,0.003292042,0.008314372,0,0.000224676,0.072452861,0.003562432,0.027996462,0,0.010454363,0,0,0,0,0,0.000768027,0.000682287,0,0,0.004263614,0.007177801,0.080890538,0,0
Plant,Streptophyta,Marchantiopsida,Marchantiales,Dumortieraceae,0,0,0,0,0,0,0,0,0,0,0,0,0,0,0,0,0,0,0,0,0,0,0,0,0,9.43E-05,0,0,0,0,0,0,0,0,0,0,0,0,0,0,0.000620559,0,0,0
Plant,Streptophyta,Marchantiopsida,Marchantiales,Marchantiaceae,0,0,0,0,0,0,0,0,0,0,0,0,0,0,0,0.004322266,0,0,0,0,0,0,0,0,0,0.000107074,0,0,0,0,0,0,0,0,0,0,0.000128877,0,0,0,0,0,0,0
Plant,Streptophyta,Pinopsida,Araucariales,Araucariaceae,0,0,0,0,0,0,0,0.000823554,0,0,0,0,0,0,0,0,0,0,0,0,0,0,0,0,0,0,0,0,0,0,0,0,0,0,0,0,0,0,0,0,0,0,0,0
Plant,Streptophyta,Pinopsida,Araucariales,Podocarpaceae,0.003156385,0,0,0,0,0,0,0.001799073,0,0.001520138,0,0,0,0,0,0,0,0,0,0,0,0.000403211,0,0,0.022168533,0.151749967,0.000410052,6.62E-05,0,0,0,0,0,0,0.012404198,0.000569086,0.001750943,0,0,0,0,0,0.000381579,0
Plant,Streptophyta,Pinopsida,Cupressales,Cupressaceae,0,0.028928851,0,0,0,0,0,0.009367923,0,0.003382307,0,0,0,0,0,0,0,0,0,0,0,0.000301133,0,0,0.000404125,0,0,0.000490364,0,0,0,0,0,0,0,0,2.61E-05,0,0,0,0,0,0,0
Plant,Streptophyta,Pinopsida,Cupressales,Taxaceae,0,0,0,0,0,0,0,0.001892213,0,0.012358722,0,0,0,0,0,0,0,0.000416183,0,0,0,0.003450265,0,0,2.63E-05,0,0,0,0,0,0,0,0,0,0,0,0,0,0,0,0,0,0.000715461,0
Plant,Streptophyta,Pinopsida,Pinales,Pinaceae,0,0,0,0,0,0,0,0.058815455,0,0.03876352,0,0,0,0,0,0,0,0.000208091,0,0.030927245,0,0.009013561,0,0,0.004340335,0,0.003038188,0,0,0,0,0,0,0.001733185,0,0,0.000276836,0,0.000157232,0.000321443,0.000558503,0,0.009938947,0
Plant,Streptophyta,Polypodiopsida,Gleicheniales,Gleicheniaceae,0,0,0,0.115008895,0,0.0006045,0,0.000500015,0,0.000296427,0,0.001983715,0,0,0,0.004122337,0.001042803,0.001578026,0,0,0,0.000811527,0,0,0,0.000798191,0.000138414,0.000613349,0,0,0.00081059,0.001530443,0,0.02991524,0.001025822,0.001772297,0.002443164,0,0.000615981,0.000374159,0.000131007,0,0,0
Plant,Streptophyta,Polypodiopsida,Ophioglossales,Ophioglossaceae,0,0,0,0,0,0,0,0,0,0,0,0,0,0,0,0,0,0,0,0,0,0,0,0,0.000132763,0,0,0,0,0,0,0,0,0,0,0,0,0,0,0,7.24E-05,0,0,0
Plant,Streptophyta,Polypodiopsida,Osmundales,Osmundaceae,0,0,0,0,0,0,0,0,0,0,0,0,0,0,0,0,0,0,0,0,0,0,0,0,0,0,0,0,0,0,0,0,0,0,0,0,0,0,0,0,0.041694678,0,0,0
Plant,Streptophyta,Polypodiopsida,Polypodiales,Lonchitidaceae,0,0.001155794,0,0.000755496,0,0,0,0.001225526,0,0,0,0,0,0,0,0.002308699,0.000363769,0,0,0,0,0,0,0,0.001086907,0.003022418,0.01014921,0.001072178,0,0,0,0,0,0,0.05338993,0.003299743,0.010084523,0,0.001707359,0.000966899,0.026080721,0,0.002533925,0
Plant,Streptophyta,Polypodiopsida,Polypodiales,Pteridaceae,0.005996141,0.031070469,0,0,0,0.588440917,0.000998391,0,0,0.000942486,0,0.001443646,0.028853755,0,0.001989654,0.022272998,0,0.006637245,0.002143001,0,0,0.002985806,0,0,0.004553339,0.001503909,0.002404944,0.016743322,0,0,0.00059417,0,0.000396578,0.00326456,0.016354204,0.009864797,0.003895835,0,0.006984819,0.006431422,0.019406263,0,0.002223892,0
Plant,Streptophyta,Polypodiopsida,Psilotales,Psilotaceae,0,0,0,0,0,0,0,0,0,0,0,0,0,0,0,0,0,0,0,0,0,0.001975225,0,0,0,0,0,0,0,0,0,0,0,0,0,0,0,0,0,0,0,0,0,0
Plant,Streptophyta,Polytrichopsida,Polytrichales,Polytrichaceae,0,0,0,0,0,0,0,0,0,0,0,0,0,0,0,0,0,0,0,0,0,0,0,0,0,4.62E-05,0,0,0,0,0,0,0,0,0,0,0.000312911,0,0,0,0,0,0,0
Plant,Streptophyta,Zygnemophyceae,Desmidiales,Closteriaceae,0,0,0,0,0,0,0,0,0,0,0,0,0,0,0,0,0,0,0,0,0,0,0,0,0,0,0,0,0,0,0,0,0,0,0,0,9.75E-05,0,0,0,0,0,0,0
Plant,Streptophyta,Zygnemophyceae,Desmidiales,Desmidiaceae,0,0,0,0,0,0,0,0,0,0,0,0,0,0,0,0,0,0,0,0,0,0,0,0,0,0,0,0,0,0,0,0,0,0,0,0,6.80E-05,0,0,0,0,0,0,0
Plant,Streptophyta,Zygnemophyceae,Desmidiales,Peniaceae,0,0,0,0,0,0,0,0,0,0,0,0,0,0,0,0,0,0,0,0,0,0,0,0,0,0,0,0,0,0,0,0,0,0,0,0,7.58E-06,0,0,0,0,0,0,0
Plant,Streptophyta,Zygnemophyceae,Zygnematales,Mesotaeniaceae,0,0,0,0,0,0,0,0,0,0,0,0,0,0,0,0,0,0,0,0,0,0,0,0,0,0,0,0,0,0,0,0,0,0,0,0.000223809,3.14E-06,0,0,0,0,0,0,0
Plant,Streptophyta,Zygnemophyceae,Zygnematales,Zygnemataceae,0,0,0,0,0,0,0,0,0,0,0,0,0,0,0,0,0,0,0,0,0,0,0,0,0,0,0,0,0,0,0,0,0,0,0,0,1.93E-05,0,0,0,0,0,0,0
